id,name,kind,country,ncb_id
accenture,Accenture plc,company,IRL,
andreessen-horowitz,Andreessen Horowitz (a16z),company,USA,
ark-invest,ARK Investment Management LLC,company,USA,
bcb,Banco Central do Brasil,central_bank,BRA,
bloombergnef,BloombergNEF,research_firm,,
bp,BP p.l.c.,company,GBR,
cbo,Congressional Budget Office,government,USA,
deloitte,Deloitte Touche Tohmatsu Limited,company,,
ecb,European Central Bank,central_bank,,
envisioning,Envisioning,research_firm,,
eurasia-group,Eurasia Group,company,USA,
fomc,Federal Open Market Committee (Federal Reserve),central_bank,USA,
future-today-strategy-group,Future Today Strategy Group (formerly Future Today Institute),research_firm,USA,
gartner,"Gartner, Inc.",research_firm,USA,
idc,International Data Corporation (IDC),research_firm,USA,
iea,International Energy Agency,igo,,
imf,International Monetary Fund,igo,,global.imf
ipcc,Intergovernmental Panel on Climate Change,igo,CHE,
mckinsey,McKinsey & Company,company,USA,
mit-technology-review,MIT Technology Review,company,USA,
obr,Office for Budget Responsibility,government,GBR,
oecd,Organisation for Economic Co-operation and Development,igo,,
pew-research-center,"Pew Research Center, with Elon University's Imagining the Internet Center",research_firm,USA,
ray-kurzweil,Ray Kurzweil,author,USA,
shell,Shell plc,company,GBR,
the-economist,The Economist Group,company,GBR,
trendwatching,TrendWatching,company,,
us-eia,US Energy Information Administration,government,USA,
us-national-intelligence-council,US National Intelligence Council,government,USA,
wef,World Economic Forum,igo,CHE,
world-bank,World Bank,igo,,
