id,prior_claim_id,change,subject_id,new_claim_id,note
gartner-hype-cycle-1995-001-dropped,gartner-hype-cycle-1995-001,dropped,emergent-computation,,
gartner-hype-cycle-1995-002-dropped,gartner-hype-cycle-1995-002,dropped,wireless-communications,,
gartner-hype-cycle-1995-003-dropped,gartner-hype-cycle-1995-003,dropped,intelligent-agents,,
gartner-hype-cycle-1995-004-dropped,gartner-hype-cycle-1995-004,dropped,information-superhighway,,
gartner-hype-cycle-1995-006-dropped,gartner-hype-cycle-1995-006,dropped,video-conferencing,,
gartner-hype-cycle-1995-010-dropped,gartner-hype-cycle-1995-010,dropped,knowledge-based-systems,,
gartner-hype-cycle-1996-002-renamed,gartner-hype-cycle-1996-002,renamed,dvd,gartner-hype-cycle-1997-005,"""Digital Video Disk"" -> ""DVD"""
gartner-hype-cycle-1996-004-dropped,gartner-hype-cycle-1996-004,dropped,intranets,,
gartner-hype-cycle-1996-005-dropped,gartner-hype-cycle-1996-005,dropped,java,,
gartner-hype-cycle-1996-006-dropped,gartner-hype-cycle-1996-006,dropped,internet-terminals,,
gartner-hype-cycle-1996-007-dropped,gartner-hype-cycle-1996-007,dropped,world-wide-web,,
gartner-hype-cycle-1996-010-renamed,gartner-hype-cycle-1996-010,renamed,interactive-tv,gartner-hype-cycle-1997-012,"""Interactive TV"" -> ""Interactive/ Web TV"""
gartner-hype-cycle-1996-011-renamed,gartner-hype-cycle-1996-011,renamed,personal-digital-assistants,gartner-hype-cycle-1997-014,"""Personal Digital Assistants"" -> ""PDAs"""
gartner-hype-cycle-1996-012-dropped,gartner-hype-cycle-1996-012,dropped,desktop-computer-telephony-integration,,
gartner-hype-cycle-1996-013-dropped,gartner-hype-cycle-1996-013,dropped,handwriting-recognition,,
gartner-hype-cycle-1996-017-dropped,gartner-hype-cycle-1996-017,dropped,massively-parallel-processing,,
gartner-hype-cycle-1996-018-renamed,gartner-hype-cycle-1996-018,renamed,object-oriented-programming,gartner-hype-cycle-1997-021,"""Object-oriented Programming"" -> ""OO Programming"""
gartner-hype-cycle-1997-005-dropped,gartner-hype-cycle-1997-005,dropped,dvd,,
gartner-hype-cycle-1997-006-renamed,gartner-hype-cycle-1997-006,renamed,push,gartner-hype-cycle-1998-017,"""Netcasting/ Push Technology"" -> ""Push"""
gartner-hype-cycle-1997-007-dropped,gartner-hype-cycle-1997-007,dropped,smart-cards,,
gartner-hype-cycle-1997-008-renamed,gartner-hype-cycle-1997-008,renamed,java-the-platform,gartner-hype-cycle-1998-015,"""Java - the Platform"" -> ""Java Platform"""
gartner-hype-cycle-1997-012-renamed,gartner-hype-cycle-1997-012,renamed,interactive-tv,gartner-hype-cycle-1998-004,"""Interactive/ Web TV"" -> ""Interactive/Internet TV"""
gartner-hype-cycle-1997-013-dropped,gartner-hype-cycle-1997-013,dropped,virtual-reality,,
gartner-hype-cycle-1997-014-renamed,gartner-hype-cycle-1997-014,renamed,personal-digital-assistants,gartner-hype-cycle-1998-021,"""PDAs"" -> ""Personal Digital Assistants"""
gartner-hype-cycle-1997-017-dropped,gartner-hype-cycle-1997-017,dropped,application-sharing,,
gartner-hype-cycle-1997-018-renamed,gartner-hype-cycle-1997-018,renamed,data-mining,gartner-hype-cycle-1998-022,"""Database Mining"" -> ""Data Mining"""
gartner-hype-cycle-1997-019-dropped,gartner-hype-cycle-1997-019,dropped,java-the-language,,
gartner-hype-cycle-1997-020-dropped,gartner-hype-cycle-1997-020,dropped,worldwide-web-plus-intranets,,
gartner-hype-cycle-1997-021-dropped,gartner-hype-cycle-1997-021,dropped,object-oriented-programming,,
gartner-hype-cycle-1997-022-dropped,gartner-hype-cycle-1997-022,dropped,workflow,,
gartner-hype-cycle-1997-023-dropped,gartner-hype-cycle-1997-023,dropped,imaging,,
gartner-hype-cycle-1998-001-dropped,gartner-hype-cycle-1998-001,dropped,ubiquitous-computing,,
gartner-hype-cycle-1998-004-dropped,gartner-hype-cycle-1998-004,dropped,interactive-tv,,
gartner-hype-cycle-1998-005-dropped,gartner-hype-cycle-1998-005,dropped,on-line-communities,,
gartner-hype-cycle-1998-006-dropped,gartner-hype-cycle-1998-006,dropped,xdsl,,
gartner-hype-cycle-1998-008-renamed,gartner-hype-cycle-1998-008,renamed,knowledge-management,gartner-hype-cycle-1999-011,"""Knowledge Management"" -> ""Knowledge Mgt"""
gartner-hype-cycle-1998-009-dropped,gartner-hype-cycle-1998-009,dropped,extranets,,
gartner-hype-cycle-1998-010-dropped,gartner-hype-cycle-1998-010,dropped,streaming-media-over-web,,
gartner-hype-cycle-1998-011-dropped,gartner-hype-cycle-1998-011,dropped,ip-telephony,,
gartner-hype-cycle-1998-013-dropped,gartner-hype-cycle-1998-013,dropped,agents,,
gartner-hype-cycle-1998-014-dropped,gartner-hype-cycle-1998-014,dropped,vrml-avatars,,
gartner-hype-cycle-1998-015-dropped,gartner-hype-cycle-1998-015,dropped,java-the-platform,,
gartner-hype-cycle-1998-016-dropped,gartner-hype-cycle-1998-016,dropped,network-computers,,
gartner-hype-cycle-1998-017-dropped,gartner-hype-cycle-1998-017,dropped,push,,
gartner-hype-cycle-1998-018-dropped,gartner-hype-cycle-1998-018,dropped,cable-modems,,
gartner-hype-cycle-1998-019-dropped,gartner-hype-cycle-1998-019,dropped,desktop-videoconferencing,,
gartner-hype-cycle-1998-021-renamed,gartner-hype-cycle-1998-021,renamed,personal-digital-assistants,gartner-hype-cycle-1999-020,"""Personal Digital Assistants"" -> ""PDAs"""
gartner-hype-cycle-1998-023-dropped,gartner-hype-cycle-1998-023,dropped,intranet-publishing,,
gartner-hype-cycle-1999-003-dropped,gartner-hype-cycle-1999-003,dropped,text-mining,,
gartner-hype-cycle-1999-005-dropped,gartner-hype-cycle-1999-005,dropped,wearable-computers,,
gartner-hype-cycle-1999-008-dropped,gartner-hype-cycle-1999-008,dropped,linux,,
gartner-hype-cycle-1999-011-dropped,gartner-hype-cycle-1999-011,dropped,knowledge-management,,
gartner-hype-cycle-1999-013-advanced,gartner-hype-cycle-1999-013,advanced,voip,gartner-hype-cycle-2000-015,time to plateau 2 to 5 years -> less than 2 years
gartner-hype-cycle-1999-014-dropped,gartner-hype-cycle-1999-014,dropped,e-cash,,
gartner-hype-cycle-1999-015-delayed,gartner-hype-cycle-1999-015,delayed,3d-web,gartner-hype-cycle-2000-013,time to plateau 2 to 5 years -> 5 to 10 years
gartner-hype-cycle-1999-016-advanced,gartner-hype-cycle-1999-016,advanced,speech-recognition,gartner-hype-cycle-2000-016,time to plateau 5 to 10 years -> 2 to 5 years
gartner-hype-cycle-1999-019-dropped,gartner-hype-cycle-1999-019,dropped,data-mining,,
gartner-hype-cycle-1999-020-dropped,gartner-hype-cycle-1999-020,dropped,personal-digital-assistants,,
gartner-hype-cycle-2000-001-dropped,gartner-hype-cycle-2000-001,dropped,quantum-computing,,
gartner-hype-cycle-2000-002-dropped,gartner-hype-cycle-2000-002,dropped,audio-mining-speech-analytics,,
gartner-hype-cycle-2000-004-dropped,gartner-hype-cycle-2000-004,dropped,digital-ink,,
gartner-hype-cycle-2000-005-dropped,gartner-hype-cycle-2000-005,dropped,biometrics,,
gartner-hype-cycle-2000-006-dropped,gartner-hype-cycle-2000-006,dropped,voice-portals,,
gartner-hype-cycle-2000-007-renamed,gartner-hype-cycle-2000-007,renamed,wireless-web-wap,gartner-hype-cycle-2001-011,"""WAP/Wireless Web"" -> ""Wireless Web/WAP"""
gartner-hype-cycle-2000-008-delayed,gartner-hype-cycle-2000-008,delayed,asps,gartner-hype-cycle-2001-013,time to plateau less than 2 years -> 2 to 5 years
gartner-hype-cycle-2000-009-dropped,gartner-hype-cycle-2000-009,dropped,webtops,,
gartner-hype-cycle-2000-012-dropped,gartner-hype-cycle-2000-012,dropped,jini,,
gartner-hype-cycle-2000-013-dropped,gartner-hype-cycle-2000-013,dropped,3d-web,,
gartner-hype-cycle-2000-014-dropped,gartner-hype-cycle-2000-014,dropped,internet-micropayment-systems,,
gartner-hype-cycle-2000-015-delayed,gartner-hype-cycle-2000-015,delayed,voip,gartner-hype-cycle-2001-017,time to plateau less than 2 years -> 2 to 5 years
gartner-hype-cycle-2000-016-dropped,gartner-hype-cycle-2000-016,dropped,speech-recognition,,
gartner-hype-cycle-2000-017-dropped,gartner-hype-cycle-2000-017,dropped,xml,,
gartner-hype-cycle-2000-018-dropped,gartner-hype-cycle-2000-018,dropped,smart-cards,,
gartner-hype-cycle-2000-019-dropped,gartner-hype-cycle-2000-019,dropped,xdsl-cable-modems,,
gartner-hype-cycle-2000-020-dropped,gartner-hype-cycle-2000-020,dropped,java-the-language,,
gartner-hype-cycle-2001-002-dropped,gartner-hype-cycle-2001-002,dropped,head-mounted-displays,,
gartner-hype-cycle-2001-003-dropped,gartner-hype-cycle-2001-003,dropped,semantic-web,,
gartner-hype-cycle-2001-004-dropped,gartner-hype-cycle-2001-004,dropped,synthetic-characters,,
gartner-hype-cycle-2001-005-renamed,gartner-hype-cycle-2001-005,renamed,personal-digital-assistant-phones,gartner-hype-cycle-2002-009,"""PDA phones"" -> ""Personal digital assistant phones"""
gartner-hype-cycle-2001-007-dropped,gartner-hype-cycle-2001-007,dropped,enterprise-instant-messaging,,
gartner-hype-cycle-2001-008-dropped,gartner-hype-cycle-2001-008,dropped,m-commerce,,
gartner-hype-cycle-2001-009-dropped,gartner-hype-cycle-2001-009,dropped,digital-signatures,,
gartner-hype-cycle-2001-010-dropped,gartner-hype-cycle-2001-010,dropped,p2p,,
gartner-hype-cycle-2001-011-renamed,gartner-hype-cycle-2001-011,renamed,wireless-web-wap,gartner-hype-cycle-2002-011,"""Wireless Web/WAP"" -> ""WAP/Wireless Web"""
gartner-hype-cycle-2001-012-dropped,gartner-hype-cycle-2001-012,dropped,b2b-e-markets,,
gartner-hype-cycle-2001-013-dropped,gartner-hype-cycle-2001-013,dropped,asps,,
gartner-hype-cycle-2001-015-dropped,gartner-hype-cycle-2001-015,dropped,b2c-e-business,,
gartner-hype-cycle-2001-016-delayed,gartner-hype-cycle-2001-016,delayed,e-payments,gartner-hype-cycle-2002-014,time to plateau 2 to 5 years -> 5 to 10 years
gartner-hype-cycle-2001-018-dropped,gartner-hype-cycle-2001-018,dropped,enterprise-portals,,
gartner-hype-cycle-2001-019-renamed,gartner-hype-cycle-2001-019,renamed,wireless-lans-802-11,gartner-hype-cycle-2002-020,"""Wireless LANs/802.11"" -> ""Wireless LANs/802.11s"""
gartner-hype-cycle-2002-001-dropped,gartner-hype-cycle-2002-001,dropped,personal-fuel-cells,,
gartner-hype-cycle-2002-002-dropped,gartner-hype-cycle-2002-002,dropped,e-tags,,
gartner-hype-cycle-2002-003-dropped,gartner-hype-cycle-2002-003,dropped,nanocomputing,,
gartner-hype-cycle-2002-004-dropped,gartner-hype-cycle-2002-004,dropped,identity-services,,
gartner-hype-cycle-2002-005-dropped,gartner-hype-cycle-2002-005,dropped,natural-language-search,,
gartner-hype-cycle-2002-006-dropped,gartner-hype-cycle-2002-006,dropped,biometrics,,
gartner-hype-cycle-2002-007-dropped,gartner-hype-cycle-2002-007,dropped,grid-computing,,
gartner-hype-cycle-2002-008-dropped,gartner-hype-cycle-2002-008,dropped,web-services,,
gartner-hype-cycle-2002-009-dropped,gartner-hype-cycle-2002-009,dropped,personal-digital-assistant-phones,,
gartner-hype-cycle-2002-010-dropped,gartner-hype-cycle-2002-010,dropped,peer-to-peer-computing,,
gartner-hype-cycle-2002-011-dropped,gartner-hype-cycle-2002-011,dropped,wireless-web-wap,,
gartner-hype-cycle-2002-012-dropped,gartner-hype-cycle-2002-012,dropped,location-sensing,,
gartner-hype-cycle-2002-013-dropped,gartner-hype-cycle-2002-013,dropped,speech-recognition-on-desktops,,
gartner-hype-cycle-2002-014-dropped,gartner-hype-cycle-2002-014,dropped,e-payments,,
gartner-hype-cycle-2002-015-dropped,gartner-hype-cycle-2002-015,dropped,public-key-infrastructure,,
gartner-hype-cycle-2002-016-dropped,gartner-hype-cycle-2002-016,dropped,bluetooth,,
gartner-hype-cycle-2002-017-renamed,gartner-hype-cycle-2002-017,renamed,voip,gartner-hype-cycle-2003-029,"""Voice over IP"" -> ""Voice Over IP Services"""
gartner-hype-cycle-2002-017-advanced,gartner-hype-cycle-2002-017,advanced,voip,gartner-hype-cycle-2003-029,time to plateau 2 to 5 years -> less than 2 years
gartner-hype-cycle-2002-018-renamed,gartner-hype-cycle-2002-018,renamed,speech-recognition-for-telephony-and-call-center,gartner-hype-cycle-2003-030,"""Speech recognition in call centers"" -> ""Speech Recognition for Telephony and the Call Center"""
gartner-hype-cycle-2002-019-dropped,gartner-hype-cycle-2002-019,dropped,text-to-speech-speech-synthesis,,
gartner-hype-cycle-2002-020-dropped,gartner-hype-cycle-2002-020,dropped,wireless-lans-802-11,,
gartner-hype-cycle-2002-021-dropped,gartner-hype-cycle-2002-021,dropped,virtual-private-networks,,
gartner-hype-cycle-2003-001-dropped,gartner-hype-cycle-2003-001,dropped,802-15-4-zigbee,,
gartner-hype-cycle-2003-002-dropped,gartner-hype-cycle-2003-002,dropped,smart-dust,,
gartner-hype-cycle-2003-003-renamed,gartner-hype-cycle-2003-003,renamed,ultrawideband,gartner-hype-cycle-2004-020,"""Ultrawideband"" -> ""UWB/803.15.3a/WiMedia"""
gartner-hype-cycle-2003-003-advanced,gartner-hype-cycle-2003-003,advanced,ultrawideband,gartner-hype-cycle-2004-020,time to plateau 5 to 10 years -> 2 to 5 years
gartner-hype-cycle-2003-004-dropped,gartner-hype-cycle-2003-004,dropped,4g,,
gartner-hype-cycle-2003-006-renamed,gartner-hype-cycle-2003-006,renamed,trusted-computing-platforms,gartner-hype-cycle-2004-006,"""Trusted Computing Platforms"" -> ""Trusted Computing Group"""
gartner-hype-cycle-2003-007-dropped,gartner-hype-cycle-2003-007,dropped,mesh-networking,,
gartner-hype-cycle-2003-012-renamed,gartner-hype-cycle-2003-012,renamed,linux-on-desktop,gartner-hype-cycle-2004-016,"""Linux on Desktop"" -> ""Linux on Desktop for Mainstream Business Users"""
gartner-hype-cycle-2003-013-dropped,gartner-hype-cycle-2003-013,dropped,commercial-grids,,
gartner-hype-cycle-2003-014-dropped,gartner-hype-cycle-2003-014,dropped,light-emitting-polymers,,
gartner-hype-cycle-2003-015-dropped,gartner-hype-cycle-2003-015,dropped,organic-light-emitting-diodes,,
gartner-hype-cycle-2003-016-dropped,gartner-hype-cycle-2003-016,dropped,rfid-passive,,
gartner-hype-cycle-2003-019-dropped,gartner-hype-cycle-2003-019,dropped,bluetooth-networking,,
gartner-hype-cycle-2003-020-dropped,gartner-hype-cycle-2003-020,dropped,extensible-business-reporting-language,,
gartner-hype-cycle-2003-021-dropped,gartner-hype-cycle-2003-021,dropped,multimedia-messaging-service,,
gartner-hype-cycle-2003-023-dropped,gartner-hype-cycle-2003-023,dropped,802-11g,,
gartner-hype-cycle-2003-024-dropped,gartner-hype-cycle-2003-024,dropped,microelectromechanical-systems,,
gartner-hype-cycle-2003-025-dropped,gartner-hype-cycle-2003-025,dropped,holographic-storage,,
gartner-hype-cycle-2003-026-dropped,gartner-hype-cycle-2003-026,dropped,bluetooth-cable-replacement,,
gartner-hype-cycle-2003-027-dropped,gartner-hype-cycle-2003-027,dropped,ip-telephony,,
gartner-hype-cycle-2003-029-renamed,gartner-hype-cycle-2003-029,renamed,voip,gartner-hype-cycle-2004-033,"""Voice Over IP Services"" -> ""VoIP"""
gartner-hype-cycle-2003-030-renamed,gartner-hype-cycle-2003-030,renamed,speech-recognition-for-telephony-and-call-center,gartner-hype-cycle-2004-035,"""Speech Recognition for Telephony and the Call Center"" -> ""Speech Recognition for Telephony and Call Center"""
gartner-hype-cycle-2003-030-advanced,gartner-hype-cycle-2003-030,advanced,speech-recognition-for-telephony-and-call-center,gartner-hype-cycle-2004-035,time to plateau 2 to 5 years -> less than 2 years
gartner-hype-cycle-2004-001-dropped,gartner-hype-cycle-2004-001,dropped,protein-dna-logic,,
gartner-hype-cycle-2004-002-dropped,gartner-hype-cycle-2004-002,dropped,brain-computer-interface,,
gartner-hype-cycle-2004-003-dropped,gartner-hype-cycle-2004-003,dropped,molecular-transistors,,
gartner-hype-cycle-2004-004-dropped,gartner-hype-cycle-2004-004,dropped,truth-verification,,
gartner-hype-cycle-2004-005-dropped,gartner-hype-cycle-2004-005,dropped,rfid-item,,
gartner-hype-cycle-2004-007-advanced,gartner-hype-cycle-2004-007,advanced,augmented-reality,gartner-hype-cycle-2005-008,time to plateau more than 10 years -> 5 to 10 years
gartner-hype-cycle-2004-008-dropped,gartner-hype-cycle-2004-008,dropped,information-extraction,,
gartner-hype-cycle-2004-010-dropped,gartner-hype-cycle-2004-010,dropped,social-network-analysis,,
gartner-hype-cycle-2004-011-advanced,gartner-hype-cycle-2004-011,advanced,electronic-paper,gartner-hype-cycle-2005-013,time to plateau 5 to 10 years -> 2 to 5 years
gartner-hype-cycle-2004-013-dropped,gartner-hype-cycle-2004-013,dropped,speech-recognition-for-mobile-devices,,
gartner-hype-cycle-2004-014-dropped,gartner-hype-cycle-2004-014,dropped,inkjet-processes,,
gartner-hype-cycle-2004-015-dropped,gartner-hype-cycle-2004-015,dropped,external-mpp-grids,,
gartner-hype-cycle-2004-017-dropped,gartner-hype-cycle-2004-017,dropped,semantic-web,,
gartner-hype-cycle-2004-018-renamed,gartner-hype-cycle-2004-018,renamed,802-16-2004-wimax,gartner-hype-cycle-2005-025,"""802.16d WiMAX"" -> ""802.16 2004 WiMAX"""
gartner-hype-cycle-2004-019-dropped,gartner-hype-cycle-2004-019,dropped,unified-communications,,
gartner-hype-cycle-2004-020-dropped,gartner-hype-cycle-2004-020,dropped,ultrawideband,,
gartner-hype-cycle-2004-021-dropped,gartner-hype-cycle-2004-021,dropped,leps-oleds,,
gartner-hype-cycle-2004-022-renamed,gartner-hype-cycle-2004-022,renamed,service-oriented-architecture,gartner-hype-cycle-2005-031,"""Service-Oriented Architecture"" -> ""Service Oriented Architecture (SOA)"""
gartner-hype-cycle-2004-025-advanced,gartner-hype-cycle-2004-025,advanced,mesh-networks-sensor,gartner-hype-cycle-2005-028,time to plateau 5 to 10 years -> 2 to 5 years
gartner-hype-cycle-2004-026-dropped,gartner-hype-cycle-2004-026,dropped,mesh-networks-wide-area,,
gartner-hype-cycle-2004-027-dropped,gartner-hype-cycle-2004-027,dropped,rfid-case-pallet,,
gartner-hype-cycle-2004-028-dropped,gartner-hype-cycle-2004-028,dropped,smartphones,,
gartner-hype-cycle-2004-031-dropped,gartner-hype-cycle-2004-031,dropped,wi-fi-hot-spots,,
gartner-hype-cycle-2004-032-dropped,gartner-hype-cycle-2004-032,dropped,location-aware-services,,
gartner-hype-cycle-2004-034-dropped,gartner-hype-cycle-2004-034,dropped,internal-mpp-grids,,
gartner-hype-cycle-2004-035-renamed,gartner-hype-cycle-2004-035,renamed,speech-recognition-for-telephony-and-call-center,gartner-hype-cycle-2005-043,"""Speech Recognition for Telephony and Call Center"" -> ""Speech Recognition for Telepony and Call Center"""
gartner-hype-cycle-2004-036-dropped,gartner-hype-cycle-2004-036,dropped,instant-messaging,,
gartner-hype-cycle-2005-001-dropped,gartner-hype-cycle-2005-001,dropped,dna-logic,,
gartner-hype-cycle-2005-003-dropped,gartner-hype-cycle-2005-003,dropped,networked-collective-intelligence,,
gartner-hype-cycle-2005-004-advanced,gartner-hype-cycle-2005-004,advanced,prediction-markets,gartner-hype-cycle-2006-004,time to plateau more than 10 years -> 5 to 10 years
gartner-hype-cycle-2005-005-dropped,gartner-hype-cycle-2005-005,dropped,4g,,
gartner-hype-cycle-2005-006-renamed,gartner-hype-cycle-2005-006,renamed,corporate-semantic-web,gartner-hype-cycle-2006-013,"""Coorperate Semantic Web"" -> ""Corporate Semantic Web"""
gartner-hype-cycle-2005-006-delayed,gartner-hype-cycle-2005-006,delayed,corporate-semantic-web,gartner-hype-cycle-2006-013,time to plateau 2 to 5 years -> 5 to 10 years
gartner-hype-cycle-2005-007-dropped,gartner-hype-cycle-2005-007,dropped,business-process-platforms,,
gartner-hype-cycle-2005-008-delayed,gartner-hype-cycle-2005-008,delayed,augmented-reality,gartner-hype-cycle-2006-005,time to plateau 5 to 10 years -> more than 10 years
gartner-hype-cycle-2005-009-dropped,gartner-hype-cycle-2005-009,dropped,text-mining,,
gartner-hype-cycle-2005-010-dropped,gartner-hype-cycle-2005-010,dropped,podcasting,,
gartner-hype-cycle-2005-011-dropped,gartner-hype-cycle-2005-011,dropped,carbon-nanotubes,,
gartner-hype-cycle-2005-012-renamed,gartner-hype-cycle-2005-012,renamed,model-driven-architectures,gartner-hype-cycle-2006-011,"""Model-driven Approaches"" -> ""Model-Driven Architectures"""
gartner-hype-cycle-2005-013-renamed,gartner-hype-cycle-2005-013,renamed,electronic-paper,gartner-hype-cycle-2006-019,"""Electronic Ink/Digital Paper"" -> ""Digital Paper/E-Paper"""
gartner-hype-cycle-2005-014-dropped,gartner-hype-cycle-2005-014,dropped,inkjet-manufacturing,,
gartner-hype-cycle-2005-015-dropped,gartner-hype-cycle-2005-015,dropped,p2p-voip,,
gartner-hype-cycle-2005-016-dropped,gartner-hype-cycle-2005-016,dropped,biometric-identity-documentss,,
gartner-hype-cycle-2005-017-dropped,gartner-hype-cycle-2005-017,dropped,bpm-suites,,
gartner-hype-cycle-2005-018-dropped,gartner-hype-cycle-2005-018,dropped,desktop-search,,
gartner-hype-cycle-2005-019-dropped,gartner-hype-cycle-2005-019,dropped,linux-on-desktop,,
gartner-hype-cycle-2005-020-dropped,gartner-hype-cycle-2005-020,dropped,micro-fuel-cells,,
gartner-hype-cycle-2005-021-dropped,gartner-hype-cycle-2005-021,dropped,really-simple-syndication,,
gartner-hype-cycle-2005-022-dropped,gartner-hype-cycle-2005-022,dropped,biometric-authentication-methods,,
gartner-hype-cycle-2005-024-renamed,gartner-hype-cycle-2005-024,renamed,corporate-blogging,gartner-hype-cycle-2006-027,"""Coorperate blogging"" -> ""Corporate Blogging"""
gartner-hype-cycle-2005-025-dropped,gartner-hype-cycle-2005-025,dropped,802-16-2004-wimax,,
gartner-hype-cycle-2005-027-dropped,gartner-hype-cycle-2005-027,dropped,organic-light-emitting-diodes,,
gartner-hype-cycle-2005-028-delayed,gartner-hype-cycle-2005-028,delayed,mesh-networks-sensor,gartner-hype-cycle-2006-028,time to plateau 2 to 5 years -> more than 10 years
gartner-hype-cycle-2005-029-dropped,gartner-hype-cycle-2005-029,dropped,web-services-enabled-business-models,,
gartner-hype-cycle-2005-030-dropped,gartner-hype-cycle-2005-030,dropped,trusted-computing-platforms,,
gartner-hype-cycle-2005-031-dropped,gartner-hype-cycle-2005-031,dropped,service-oriented-architecture,,
gartner-hype-cycle-2005-032-dropped,gartner-hype-cycle-2005-032,dropped,internet-micropayment-systems,,
gartner-hype-cycle-2005-034-dropped,gartner-hype-cycle-2005-034,dropped,xbrl,,
gartner-hype-cycle-2005-035-dropped,gartner-hype-cycle-2005-035,dropped,rfid-passive,,
gartner-hype-cycle-2005-036-dropped,gartner-hype-cycle-2005-036,dropped,video-conferencing,,
gartner-hype-cycle-2005-037-dropped,gartner-hype-cycle-2005-037,dropped,handwriting-recognition,,
gartner-hype-cycle-2005-038-dropped,gartner-hype-cycle-2005-038,dropped,software-as-service-asap,,
gartner-hype-cycle-2005-040-dropped,gartner-hype-cycle-2005-040,dropped,business-rule-engines,,
gartner-hype-cycle-2005-042-dropped,gartner-hype-cycle-2005-042,dropped,text-to-speech-speech-synthesis,,
gartner-hype-cycle-2005-043-dropped,gartner-hype-cycle-2005-043,dropped,speech-recognition-for-telephony-and-call-center,,
gartner-hype-cycle-2006-001-dropped,gartner-hype-cycle-2006-001,dropped,dann-logic,,
gartner-hype-cycle-2006-003-dropped,gartner-hype-cycle-2006-003,dropped,quantum-computing,,
gartner-hype-cycle-2006-004-dropped,gartner-hype-cycle-2006-004,dropped,prediction-markets,,
gartner-hype-cycle-2006-005-dropped,gartner-hype-cycle-2006-005,dropped,augmented-reality,,
gartner-hype-cycle-2006-006-dropped,gartner-hype-cycle-2006-006,dropped,offline-ajax,,
gartner-hype-cycle-2006-007-dropped,gartner-hype-cycle-2006-007,dropped,speech-to-speech-translation,,
gartner-hype-cycle-2006-008-dropped,gartner-hype-cycle-2006-008,dropped,telepresence,,
gartner-hype-cycle-2006-009-dropped,gartner-hype-cycle-2006-009,dropped,event-driven-architecture,,
gartner-hype-cycle-2006-011-dropped,gartner-hype-cycle-2006-011,dropped,model-driven-architectures,,
gartner-hype-cycle-2006-013-dropped,gartner-hype-cycle-2006-013,dropped,corporate-semantic-web,,
gartner-hype-cycle-2006-014-dropped,gartner-hype-cycle-2006-014,dropped,speech-recognition-for-mobile-devices,,
gartner-hype-cycle-2006-015-dropped,gartner-hype-cycle-2006-015,dropped,ipv6,,
gartner-hype-cycle-2006-018-dropped,gartner-hype-cycle-2006-018,dropped,folksonomies,,
gartner-hype-cycle-2006-019-renamed,gartner-hype-cycle-2006-019,renamed,electronic-paper,gartner-hype-cycle-2007-018,"""Digital Paper/E-Paper"" -> ""Electronic Paper"""
gartner-hype-cycle-2006-020-delayed,gartner-hype-cycle-2006-020,delayed,social-network-analysis,gartner-hype-cycle-2007-021,time to plateau less than 2 years -> 2 to 5 years
gartner-hype-cycle-2006-021-dropped,gartner-hype-cycle-2006-021,dropped,rfid,,
gartner-hype-cycle-2006-022-dropped,gartner-hype-cycle-2006-022,dropped,grid-computing,,
gartner-hype-cycle-2006-023-dropped,gartner-hype-cycle-2006-023,dropped,ajax,,
gartner-hype-cycle-2006-025-dropped,gartner-hype-cycle-2006-025,dropped,biometric-payments,,
gartner-hype-cycle-2006-027-dropped,gartner-hype-cycle-2006-027,dropped,corporate-blogging,,
gartner-hype-cycle-2006-029-dropped,gartner-hype-cycle-2006-029,dropped,tablet-pc,,
gartner-hype-cycle-2006-030-dropped,gartner-hype-cycle-2006-030,dropped,mobile-payment,,
gartner-hype-cycle-2006-031-renamed,gartner-hype-cycle-2006-031,renamed,location-aware-technology,gartner-hype-cycle-2007-027,"""Location-Aware Technologoy"" -> ""Location-Aware Technology"""
gartner-hype-cycle-2006-032-advanced,gartner-hype-cycle-2006-032,advanced,enterprise-instant-messaging,gartner-hype-cycle-2007-029,time to plateau 2 to 5 years -> less than 2 years
gartner-hype-cycle-2006-034-dropped,gartner-hype-cycle-2006-034,dropped,smartphones,,
gartner-hype-cycle-2006-035-dropped,gartner-hype-cycle-2006-035,dropped,internal-web-services,,
gartner-hype-cycle-2006-036-dropped,gartner-hype-cycle-2006-036,dropped,voip,,
gartner-hype-cycle-2007-001-dropped,gartner-hype-cycle-2007-001,dropped,tera-architecture,,
gartner-hype-cycle-2007-004-dropped,gartner-hype-cycle-2007-004,dropped,ambient-and-glanceable-displays,,
gartner-hype-cycle-2007-005-dropped,gartner-hype-cycle-2007-005,dropped,web-platforms,,
gartner-hype-cycle-2007-006-dropped,gartner-hype-cycle-2007-006,dropped,portable-personality,,
gartner-hype-cycle-2007-008-dropped,gartner-hype-cycle-2007-008,dropped,content-analytics,,
gartner-hype-cycle-2007-010-dropped,gartner-hype-cycle-2007-010,dropped,collective-intelligence,,
gartner-hype-cycle-2007-011-dropped,gartner-hype-cycle-2007-011,dropped,expertise-location-and-management,,
gartner-hype-cycle-2007-012-dropped,gartner-hype-cycle-2007-012,dropped,gesture-recognition,,
gartner-hype-cycle-2007-013-dropped,gartner-hype-cycle-2007-013,dropped,mashup,,
gartner-hype-cycle-2007-014-renamed,gartner-hype-cycle-2007-014,renamed,virtual-worlds,gartner-hype-cycle-2008-014,"""Virtual Environments/Virtual Worlds"" -> ""Public Virtual Worlds"""
gartner-hype-cycle-2007-014-advanced,gartner-hype-cycle-2007-014,advanced,virtual-worlds,gartner-hype-cycle-2008-014,time to plateau 5 to 10 years -> 2 to 5 years
gartner-hype-cycle-2007-015-dropped,gartner-hype-cycle-2007-015,dropped,mesh-networks-sensor,,
gartner-hype-cycle-2007-016-advanced,gartner-hype-cycle-2007-016,advanced,idea-management,gartner-hype-cycle-2008-020,time to plateau 5 to 10 years -> 2 to 5 years
gartner-hype-cycle-2007-017-dropped,gartner-hype-cycle-2007-017,dropped,web-2-0-workplace-technologies,,
gartner-hype-cycle-2007-020-dropped,gartner-hype-cycle-2007-020,dropped,rfid-item,,
gartner-hype-cycle-2007-022-dropped,gartner-hype-cycle-2007-022,dropped,rss-enterprises,,
gartner-hype-cycle-2007-025-dropped,gartner-hype-cycle-2007-025,dropped,semantic-web,,
gartner-hype-cycle-2007-027-dropped,gartner-hype-cycle-2007-027,dropped,location-aware-technology,,
gartner-hype-cycle-2007-029-dropped,gartner-hype-cycle-2007-029,dropped,enterprise-instant-messaging,,
gartner-hype-cycle-2008-001-dropped,gartner-hype-cycle-2008-001,dropped,erasable-paper-printing-systems,,
gartner-hype-cycle-2008-003-delayed,gartner-hype-cycle-2008-003,delayed,behavioral-economics,gartner-hype-cycle-2009-006,time to plateau 5 to 10 years -> more than 10 years
gartner-hype-cycle-2008-005-advanced,gartner-hype-cycle-2008-005,advanced,augmented-reality,gartner-hype-cycle-2009-009,time to plateau more than 10 years -> 5 to 10 years
gartner-hype-cycle-2008-011-dropped,gartner-hype-cycle-2008-011,dropped,social-computing-platforms,,
gartner-hype-cycle-2008-013-dropped,gartner-hype-cycle-2008-013,dropped,solid-state-drives,,
gartner-hype-cycle-2008-016-dropped,gartner-hype-cycle-2008-016,dropped,service-oriented-business-applications,,
gartner-hype-cycle-2008-017-dropped,gartner-hype-cycle-2008-017,dropped,virtual-assistants,,
gartner-hype-cycle-2008-019-renamed,gartner-hype-cycle-2008-019,renamed,corporate-blogging,gartner-hype-cycle-2009-031,"""Corporate Blogging"" -> ""Coorperate Blogging"""
gartner-hype-cycle-2008-027-dropped,gartner-hype-cycle-2008-027,dropped,basic-web-services,,
gartner-hype-cycle-2009-002-renamed,gartner-hype-cycle-2009-002,renamed,3-d-flat-panel-displays,gartner-hype-cycle-2010-018,"""3-D Flat-Panel Displays"" -> ""3D Flat-Panel TVs and Displays"""
gartner-hype-cycle-2009-002-advanced,gartner-hype-cycle-2009-002,advanced,3-d-flat-panel-displays,gartner-hype-cycle-2010-018,time to plateau 5 to 10 years -> 2 to 5 years
gartner-hype-cycle-2009-003-dropped,gartner-hype-cycle-2009-003,dropped,quantum-computing,,
gartner-hype-cycle-2009-006-dropped,gartner-hype-cycle-2009-006,dropped,behavioral-economics,,
gartner-hype-cycle-2009-008-dropped,gartner-hype-cycle-2009-008,dropped,surface-computers,,
gartner-hype-cycle-2009-011-delayed,gartner-hype-cycle-2009-011,delayed,internet-tv,gartner-hype-cycle-2010-013,time to plateau 2 to 5 years -> 5 to 10 years
gartner-hype-cycle-2009-015-dropped,gartner-hype-cycle-2009-015,dropped,social-software-suites,,
gartner-hype-cycle-2009-017-dropped,gartner-hype-cycle-2009-017,dropped,green-it,,
gartner-hype-cycle-2009-020-dropped,gartner-hype-cycle-2009-020,dropped,online-video,,
gartner-hype-cycle-2009-021-dropped,gartner-hype-cycle-2009-021,dropped,home-health-monitoring,,
gartner-hype-cycle-2009-022-delayed,gartner-hype-cycle-2009-022,delayed,virtual-worlds,gartner-hype-cycle-2010-030,time to plateau 2 to 5 years -> 5 to 10 years
gartner-hype-cycle-2009-023-dropped,gartner-hype-cycle-2009-023,dropped,rfid-case-pallet,,
gartner-hype-cycle-2009-024-dropped,gartner-hype-cycle-2009-024,dropped,mobile-over-the-air-payments,,
gartner-hype-cycle-2009-025-dropped,gartner-hype-cycle-2009-025,dropped,social-network-analysis,,
gartner-hype-cycle-2009-026-dropped,gartner-hype-cycle-2009-026,dropped,web-2-0,,
gartner-hype-cycle-2009-028-dropped,gartner-hype-cycle-2009-028,dropped,tablet-pc,,
gartner-hype-cycle-2009-030-dropped,gartner-hype-cycle-2009-030,dropped,wikis,,
gartner-hype-cycle-2009-031-dropped,gartner-hype-cycle-2009-031,dropped,corporate-blogging,,
gartner-hype-cycle-2009-033-dropped,gartner-hype-cycle-2009-033,dropped,service-oriented-architecture,,
gartner-hype-cycle-2009-034-advanced,gartner-hype-cycle-2009-034,advanced,speech-recognition,gartner-hype-cycle-2010-040,time to plateau 5 to 10 years -> 2 to 5 years
gartner-hype-cycle-2010-002-dropped,gartner-hype-cycle-2010-002,dropped,context-delivery-architecture,,
gartner-hype-cycle-2010-004-dropped,gartner-hype-cycle-2010-004,dropped,teraherz-waves,,
gartner-hype-cycle-2010-005-dropped,gartner-hype-cycle-2010-005,dropped,tangible-user-interfaces,,
gartner-hype-cycle-2010-006-dropped,gartner-hype-cycle-2010-006,dropped,extreme-transaction-processing,,
gartner-hype-cycle-2010-007-dropped,gartner-hype-cycle-2010-007,dropped,autonomous-vehicles,,
gartner-hype-cycle-2010-008-dropped,gartner-hype-cycle-2010-008,dropped,video-search,,
gartner-hype-cycle-2010-009-renamed,gartner-hype-cycle-2010-009,renamed,mobile-robots,gartner-hype-cycle-2011-008,"""Mobile Robots"" -> ""Mobile Robozs"""
gartner-hype-cycle-2010-017-advanced,gartner-hype-cycle-2010-017,advanced,wireless-power,gartner-hype-cycle-2011-018,time to plateau 5 to 10 years -> 2 to 5 years
gartner-hype-cycle-2010-018-dropped,gartner-hype-cycle-2010-018,dropped,3-d-flat-panel-displays,,
gartner-hype-cycle-2010-019-dropped,gartner-hype-cycle-2010-019,dropped,4g,,
gartner-hype-cycle-2010-025-dropped,gartner-hype-cycle-2010-025,dropped,microblogging,,
gartner-hype-cycle-2010-026-advanced,gartner-hype-cycle-2010-026,advanced,e-book-readers,gartner-hype-cycle-2011-034,time to plateau 2 to 5 years -> less than 2 years
gartner-hype-cycle-2010-027-dropped,gartner-hype-cycle-2010-027,dropped,video-telepresence,,
gartner-hype-cycle-2010-028-dropped,gartner-hype-cycle-2010-028,dropped,broadband-over-power-lines,,
gartner-hype-cycle-2010-030-renamed,gartner-hype-cycle-2010-030,renamed,virtual-worlds,gartner-hype-cycle-2011-033,"""Public Virtual Worlds"" -> ""Virtual Worlds"""
gartner-hype-cycle-2010-031-dropped,gartner-hype-cycle-2010-031,dropped,consumer-generated-media,,
gartner-hype-cycle-2010-034-renamed,gartner-hype-cycle-2010-034,renamed,biometric-authentication-methods,gartner-hype-cycle-2011-038,"""Biometric Authentication Methods"" -> ""Biometrix Authentication Methods"""
gartner-hype-cycle-2010-035-dropped,gartner-hype-cycle-2010-035,dropped,internet-micropayment-systems,,
gartner-hype-cycle-2010-036-dropped,gartner-hype-cycle-2010-036,dropped,interactive-tv,,
gartner-hype-cycle-2010-038-dropped,gartner-hype-cycle-2010-038,dropped,electronic-paper,,
gartner-hype-cycle-2010-039-advanced,gartner-hype-cycle-2010-039,advanced,location-aware-applications,gartner-hype-cycle-2011-042,time to plateau 2 to 5 years -> less than 2 years
gartner-hype-cycle-2010-041-dropped,gartner-hype-cycle-2010-041,dropped,pen-centric-tablet-pcs,,
gartner-hype-cycle-2011-004-dropped,gartner-hype-cycle-2011-004,dropped,brain-computer-interface,,
gartner-hype-cycle-2011-005-dropped,gartner-hype-cycle-2011-005,dropped,video-analytics-for-customer-service,,
gartner-hype-cycle-2011-006-dropped,gartner-hype-cycle-2011-006,dropped,social-tv,,
gartner-hype-cycle-2011-007-renamed,gartner-hype-cycle-2011-007,renamed,big-data,gartner-hype-cycle-2012-014,"""Big Data and Extreme Information Processing and Management"" -> ""Big Data"""
gartner-hype-cycle-2011-008-renamed,gartner-hype-cycle-2011-008,renamed,mobile-robots,gartner-hype-cycle-2012-008,"""Mobile Robozs"" -> ""Mobile Robots"""
gartner-hype-cycle-2011-010-renamed,gartner-hype-cycle-2011-010,renamed,internet-of-things,gartner-hype-cycle-2012-009,"""Internet of Things"" -> ""Intenet of Things"""
gartner-hype-cycle-2011-010-delayed,gartner-hype-cycle-2011-010,delayed,internet-of-things,gartner-hype-cycle-2012-009,time to plateau 5 to 10 years -> more than 10 years
gartner-hype-cycle-2011-012-dropped,gartner-hype-cycle-2011-012,dropped,context-enriched-services,,
gartner-hype-cycle-2011-013-dropped,gartner-hype-cycle-2011-013,dropped,image-recognition,,
gartner-hype-cycle-2011-016-dropped,gartner-hype-cycle-2011-016,dropped,group-buying,,
gartner-hype-cycle-2011-025-advanced,gartner-hype-cycle-2011-025,advanced,tablets,gartner-hype-cycle-2012-042,time to plateau 2 to 5 years -> less than 2 years
gartner-hype-cycle-2011-026-dropped,gartner-hype-cycle-2011-026,dropped,virtual-assistants,,
gartner-hype-cycle-2011-028-dropped,gartner-hype-cycle-2011-028,dropped,gesture-recognition,,
gartner-hype-cycle-2011-031-dropped,gartner-hype-cycle-2011-031,dropped,cloud-web-platforms,,
gartner-hype-cycle-2011-034-dropped,gartner-hype-cycle-2011-034,dropped,e-book-readers,,
gartner-hype-cycle-2011-035-advanced,gartner-hype-cycle-2011-035,advanced,consumerization,gartner-hype-cycle-2012-043,time to plateau 5 to 10 years -> 2 to 5 years
gartner-hype-cycle-2011-036-dropped,gartner-hype-cycle-2011-036,dropped,qr-color-code,,
gartner-hype-cycle-2011-037-advanced,gartner-hype-cycle-2011-037,advanced,idea-management,gartner-hype-cycle-2012-045,time to plateau 2 to 5 years -> less than 2 years
gartner-hype-cycle-2011-038-renamed,gartner-hype-cycle-2011-038,renamed,biometric-authentication-methods,gartner-hype-cycle-2012-044,"""Biometrix Authentication Methods"" -> ""Biometric Authentication Methods"""
gartner-hype-cycle-2011-039-dropped,gartner-hype-cycle-2011-039,dropped,mobile-application-stores,,
gartner-hype-cycle-2011-042-dropped,gartner-hype-cycle-2011-042,dropped,location-aware-applications,,
gartner-hype-cycle-2012-003-advanced,gartner-hype-cycle-2012-003,advanced,3d-bioprinting,gartner-hype-cycle-2013-005,time to plateau more than 10 years -> 5 to 10 years
gartner-hype-cycle-2012-005-dropped,gartner-hype-cycle-2012-005,dropped,automatic-content-recognition,,
gartner-hype-cycle-2012-008-advanced,gartner-hype-cycle-2012-008,advanced,mobile-robots,gartner-hype-cycle-2013-016,time to plateau more than 10 years -> 5 to 10 years
gartner-hype-cycle-2012-009-renamed,gartner-hype-cycle-2012-009,renamed,internet-of-things,gartner-hype-cycle-2013-018,"""Intenet of Things"" -> ""Internet of Things"""
gartner-hype-cycle-2012-011-dropped,gartner-hype-cycle-2012-011,dropped,silicon-anode-batteries,,
gartner-hype-cycle-2012-013-dropped,gartner-hype-cycle-2012-013,dropped,crowdsourcing,,
gartner-hype-cycle-2012-014-delayed,gartner-hype-cycle-2012-014,delayed,big-data,gartner-hype-cycle-2013-020,time to plateau 2 to 5 years -> 5 to 10 years
gartner-hype-cycle-2012-016-dropped,gartner-hype-cycle-2012-016,dropped,html5,,
gartner-hype-cycle-2012-017-dropped,gartner-hype-cycle-2012-017,dropped,hybrid-cloud-computing,,
gartner-hype-cycle-2012-018-dropped,gartner-hype-cycle-2012-018,dropped,wireless-power,,
gartner-hype-cycle-2012-019-dropped,gartner-hype-cycle-2012-019,dropped,3d-printing,,
gartner-hype-cycle-2012-020-dropped,gartner-hype-cycle-2012-020,dropped,byod,,
gartner-hype-cycle-2012-022-dropped,gartner-hype-cycle-2012-022,dropped,social-analytics,,
gartner-hype-cycle-2012-023-dropped,gartner-hype-cycle-2012-023,dropped,private-cloud-computing,,
gartner-hype-cycle-2012-024-dropped,gartner-hype-cycle-2012-024,dropped,application-stores,,
gartner-hype-cycle-2012-026-renamed,gartner-hype-cycle-2012-026,renamed,in-memory-database-management-systems,gartner-hype-cycle-2013-026,"""In-Memory Database Management Systems"" -> ""In-Nemory Database Management Systems"""
gartner-hype-cycle-2012-028-dropped,gartner-hype-cycle-2012-028,dropped,nfc-payment,,
gartner-hype-cycle-2012-029-dropped,gartner-hype-cycle-2012-029,dropped,internet-tv,,
gartner-hype-cycle-2012-030-dropped,gartner-hype-cycle-2012-030,dropped,audio-mining-speech-analytics,,
gartner-hype-cycle-2012-036-advanced,gartner-hype-cycle-2012-036,advanced,in-memory-analytics,gartner-hype-cycle-2013-035,time to plateau 2 to 5 years -> less than 2 years
gartner-hype-cycle-2012-037-dropped,gartner-hype-cycle-2012-037,dropped,text-analytics,,
gartner-hype-cycle-2012-038-dropped,gartner-hype-cycle-2012-038,dropped,home-health-monitoring,,
gartner-hype-cycle-2012-039-dropped,gartner-hype-cycle-2012-039,dropped,hosted-virtual-desktops,,
gartner-hype-cycle-2012-040-dropped,gartner-hype-cycle-2012-040,dropped,virtual-worlds,,
gartner-hype-cycle-2012-041-dropped,gartner-hype-cycle-2012-041,dropped,mobile-over-the-air-payments,,
gartner-hype-cycle-2012-042-dropped,gartner-hype-cycle-2012-042,dropped,tablets,,
gartner-hype-cycle-2012-043-dropped,gartner-hype-cycle-2012-043,dropped,consumerization,,
gartner-hype-cycle-2012-045-dropped,gartner-hype-cycle-2012-045,dropped,idea-management,,
gartner-hype-cycle-2013-002-dropped,gartner-hype-cycle-2013-002,dropped,smart-dust,,
gartner-hype-cycle-2013-004-delayed,gartner-hype-cycle-2013-004,delayed,quantified-self,gartner-hype-cycle-2014-006,time to plateau 2 to 5 years -> 5 to 10 years
gartner-hype-cycle-2013-005-renamed,gartner-hype-cycle-2013-005,renamed,3d-bioprinting,gartner-hype-cycle-2014-012,"""3D Bioprinting"" -> ""3D Bioprinting Systems"""
gartner-hype-cycle-2013-009-dropped,gartner-hype-cycle-2013-009,dropped,electrovibration,,
gartner-hype-cycle-2013-011-dropped,gartner-hype-cycle-2013-011,dropped,prescriptive-analytics,,
gartner-hype-cycle-2013-015-advanced,gartner-hype-cycle-2013-015,advanced,3d-scanners,gartner-hype-cycle-2014-043,time to plateau 5 to 10 years -> 2 to 5 years
gartner-hype-cycle-2013-016-dropped,gartner-hype-cycle-2013-016,dropped,mobile-robots,,
gartner-hype-cycle-2013-018-advanced,gartner-hype-cycle-2013-018,advanced,internet-of-things,gartner-hype-cycle-2014-022,time to plateau more than 10 years -> 5 to 10 years
gartner-hype-cycle-2013-019-renamed,gartner-hype-cycle-2013-019,renamed,natural-language-question-answering,gartner-hype-cycle-2014-023,"""Natural-Language Question Answering"" -> ""Natural-Language Questioning Answer"""
gartner-hype-cycle-2013-025-advanced,gartner-hype-cycle-2013-025,advanced,content-analytics,gartner-hype-cycle-2014-030,time to plateau 5 to 10 years -> 2 to 5 years
gartner-hype-cycle-2013-026-renamed,gartner-hype-cycle-2013-026,renamed,in-memory-database-management-systems,gartner-hype-cycle-2014-029,"""In-Nemory Database Management Systems"" -> ""In-Memory Database Management Systems"""
gartner-hype-cycle-2013-027-renamed,gartner-hype-cycle-2013-027,renamed,virtual-assistants,gartner-hype-cycle-2014-003,"""Virtual Assistants"" -> ""Virtual Personal Assistants"""
gartner-hype-cycle-2013-027-delayed,gartner-hype-cycle-2013-027,delayed,virtual-assistants,gartner-hype-cycle-2014-003,time to plateau 2 to 5 years -> 5 to 10 years
gartner-hype-cycle-2013-032-dropped,gartner-hype-cycle-2013-032,dropped,mesh-networks-sensor,,
gartner-hype-cycle-2013-039-dropped,gartner-hype-cycle-2013-039,dropped,biometric-authentication-methods,,
gartner-hype-cycle-2013-041-dropped,gartner-hype-cycle-2013-041,dropped,location-intelligence,,
gartner-hype-cycle-2013-042-advanced,gartner-hype-cycle-2013-042,advanced,speech-recognition,gartner-hype-cycle-2014-045,time to plateau 2 to 5 years -> less than 2 years
gartner-hype-cycle-2013-043-delayed,gartner-hype-cycle-2013-043,delayed,predictive-analytics,gartner-hype-cycle-2014-017,time to plateau less than 2 years -> 5 to 10 years
gartner-hype-cycle-2014-001-renamed,gartner-hype-cycle-2014-001,renamed,bioacoustic-sensing,gartner-hype-cycle-2015-005,"""Bioacustic Sensing"" -> ""Bioacoustic Sensing"""
gartner-hype-cycle-2014-004-dropped,gartner-hype-cycle-2014-004,dropped,smart-workspace,,
gartner-hype-cycle-2014-006-dropped,gartner-hype-cycle-2014-006,dropped,quantified-self,,
gartner-hype-cycle-2014-010-dropped,gartner-hype-cycle-2014-010,dropped,software-defined-anything,,
gartner-hype-cycle-2014-011-dropped,gartner-hype-cycle-2014-011,dropped,volumetric-and-holographic-displays,,
gartner-hype-cycle-2014-012-dropped,gartner-hype-cycle-2014-012,dropped,3d-bioprinting,,
gartner-hype-cycle-2014-017-dropped,gartner-hype-cycle-2014-017,dropped,predictive-analytics,,
gartner-hype-cycle-2014-018-dropped,gartner-hype-cycle-2014-018,dropped,data-science,,
gartner-hype-cycle-2014-021-advanced,gartner-hype-cycle-2014-021,advanced,speech-to-speech-translation,gartner-hype-cycle-2015-025,time to plateau 5 to 10 years -> 2 to 5 years
gartner-hype-cycle-2014-023-renamed,gartner-hype-cycle-2014-023,renamed,natural-language-question-answering,gartner-hype-cycle-2015-030,"""Natural-Language Questioning Answer"" -> ""Natural-Language Question Answering"""
gartner-hype-cycle-2014-024-renamed,gartner-hype-cycle-2014-024,renamed,wearables,gartner-hype-cycle-2015-027,"""Wearable User Interfaces"" -> ""Wearables"""
gartner-hype-cycle-2014-027-dropped,gartner-hype-cycle-2014-027,dropped,complex-event-processing,,
gartner-hype-cycle-2014-028-dropped,gartner-hype-cycle-2014-028,dropped,big-data,,
gartner-hype-cycle-2014-029-dropped,gartner-hype-cycle-2014-029,dropped,in-memory-database-management-systems,,
gartner-hype-cycle-2014-030-dropped,gartner-hype-cycle-2014-030,dropped,content-analytics,,
gartner-hype-cycle-2014-032-dropped,gartner-hype-cycle-2014-032,dropped,gamification,,
gartner-hype-cycle-2014-034-dropped,gartner-hype-cycle-2014-034,dropped,machine-to-machine-communication-services,,
gartner-hype-cycle-2014-035-dropped,gartner-hype-cycle-2014-035,dropped,mobile-health-monitoring,,
gartner-hype-cycle-2014-036-dropped,gartner-hype-cycle-2014-036,dropped,cloud-computing,,
gartner-hype-cycle-2014-037-dropped,gartner-hype-cycle-2014-037,dropped,nfc,,
gartner-hype-cycle-2014-040-dropped,gartner-hype-cycle-2014-040,dropped,in-memory-analytics,,
gartner-hype-cycle-2014-041-dropped,gartner-hype-cycle-2014-041,dropped,activity-streams,,
gartner-hype-cycle-2014-043-dropped,gartner-hype-cycle-2014-043,dropped,3d-scanners,,
gartner-hype-cycle-2014-044-dropped,gartner-hype-cycle-2014-044,dropped,consumer-telematics,,
gartner-hype-cycle-2014-045-dropped,gartner-hype-cycle-2014-045,dropped,speech-recognition,,
gartner-hype-cycle-2015-003-dropped,gartner-hype-cycle-2015-003,dropped,digital-security,,
gartner-hype-cycle-2015-004-dropped,gartner-hype-cycle-2015-004,dropped,people-literate-technology,,
gartner-hype-cycle-2015-005-dropped,gartner-hype-cycle-2015-005,dropped,bioacoustic-sensing,,
gartner-hype-cycle-2015-010-dropped,gartner-hype-cycle-2015-010,dropped,3d-bioprinting-systems-for-organ-transplant,,
gartner-hype-cycle-2015-014-renamed,gartner-hype-cycle-2015-014,renamed,iot-platform,gartner-hype-cycle-2016-019,"""IoT Plattform"" -> ""IoT Platform"""
gartner-hype-cycle-2015-015-dropped,gartner-hype-cycle-2015-015,dropped,biochips,,
gartner-hype-cycle-2015-016-dropped,gartner-hype-cycle-2015-016,dropped,citizen-data-science,,
gartner-hype-cycle-2015-017-dropped,gartner-hype-cycle-2015-017,dropped,neurobusiness,,
gartner-hype-cycle-2015-019-dropped,gartner-hype-cycle-2015-019,dropped,digital-dexterity,,
gartner-hype-cycle-2015-021-dropped,gartner-hype-cycle-2015-021,dropped,smart-advisors,,
gartner-hype-cycle-2015-022-dropped,gartner-hype-cycle-2015-022,dropped,advanced-analytics-with-self-service-delivery,,
gartner-hype-cycle-2015-023-delayed,gartner-hype-cycle-2015-023,delayed,autonomous-vehicles,gartner-hype-cycle-2016-028,time to plateau 5 to 10 years -> more than 10 years
gartner-hype-cycle-2015-024-dropped,gartner-hype-cycle-2015-024,dropped,internet-of-things,,
gartner-hype-cycle-2015-025-dropped,gartner-hype-cycle-2015-025,dropped,speech-to-speech-translation,,
gartner-hype-cycle-2015-027-dropped,gartner-hype-cycle-2015-027,dropped,wearables,,
gartner-hype-cycle-2015-028-dropped,gartner-hype-cycle-2015-028,dropped,cryptocurrencies,,
gartner-hype-cycle-2015-029-dropped,gartner-hype-cycle-2015-029,dropped,consumer-3d-printing,,
gartner-hype-cycle-2015-030-advanced,gartner-hype-cycle-2015-030,advanced,natural-language-question-answering,gartner-hype-cycle-2016-031,time to plateau 5 to 10 years -> 2 to 5 years
gartner-hype-cycle-2015-031-dropped,gartner-hype-cycle-2015-031,dropped,hybrid-cloud-computing,,
gartner-hype-cycle-2015-033-dropped,gartner-hype-cycle-2015-033,dropped,cryptocurrency-exchange,,
gartner-hype-cycle-2015-034-dropped,gartner-hype-cycle-2015-034,dropped,autonomous-field-vehicles,,
gartner-hype-cycle-2015-036-renamed,gartner-hype-cycle-2015-036,renamed,gesture-control,gartner-hype-cycle-2016-020,"""Gesture Control"" -> ""Gesture Control Devices"""
gartner-hype-cycle-2015-036-delayed,gartner-hype-cycle-2015-036,delayed,gesture-control,gartner-hype-cycle-2016-020,time to plateau 2 to 5 years -> 5 to 10 years
gartner-hype-cycle-2015-037-dropped,gartner-hype-cycle-2015-037,dropped,enterprise-3d-printing,,
gartner-hype-cycle-2016-003-dropped,gartner-hype-cycle-2016-003,dropped,general-purpose-machine-intelligence,,
gartner-hype-cycle-2016-004-dropped,gartner-hype-cycle-2016-004,dropped,802-11ax,,
gartner-hype-cycle-2016-005-dropped,gartner-hype-cycle-2016-005,dropped,context-brokering,,
gartner-hype-cycle-2016-006-advanced,gartner-hype-cycle-2016-006,advanced,neuromorphic-hardware,gartner-hype-cycle-2017-005,time to plateau more than 10 years -> 5 to 10 years
gartner-hype-cycle-2016-007-dropped,gartner-hype-cycle-2016-007,dropped,data-broker-paas-dbrpaas,,
gartner-hype-cycle-2016-010-dropped,gartner-hype-cycle-2016-010,dropped,personal-analytics,,
gartner-hype-cycle-2016-013-renamed,gartner-hype-cycle-2016-013,renamed,conversational-user-interfaces,gartner-hype-cycle-2017-013,"""Conversational User Interfaces"" -> ""Conersation User Interfaces"""
gartner-hype-cycle-2016-015-renamed,gartner-hype-cycle-2016-015,renamed,virtual-assistants,gartner-hype-cycle-2017-019,"""Virtual Personal Assistants"" -> ""Virtual Assistants"""
gartner-hype-cycle-2016-016-dropped,gartner-hype-cycle-2016-016,dropped,smart-data-discovery,,
gartner-hype-cycle-2016-017-dropped,gartner-hype-cycle-2016-017,dropped,affective-computing,,
gartner-hype-cycle-2016-018-advanced,gartner-hype-cycle-2016-018,advanced,commercial-uavs,gartner-hype-cycle-2017-027,time to plateau 5 to 10 years -> 2 to 5 years
gartner-hype-cycle-2016-019-advanced,gartner-hype-cycle-2016-019,advanced,iot-platform,gartner-hype-cycle-2017-018,time to plateau 5 to 10 years -> 2 to 5 years
gartner-hype-cycle-2016-020-dropped,gartner-hype-cycle-2016-020,dropped,gesture-control,,
gartner-hype-cycle-2016-021-dropped,gartner-hype-cycle-2016-021,dropped,micro-data-centers,,
gartner-hype-cycle-2016-025-advanced,gartner-hype-cycle-2016-025,advanced,cognitive-expert-advisors,gartner-hype-cycle-2017-028,time to plateau 5 to 10 years -> 2 to 5 years
gartner-hype-cycle-2016-027-advanced,gartner-hype-cycle-2016-027,advanced,software-defined-security,gartner-hype-cycle-2017-030,time to plateau 5 to 10 years -> 2 to 5 years
gartner-hype-cycle-2016-030-dropped,gartner-hype-cycle-2016-030,dropped,software-defined-anything,,
gartner-hype-cycle-2016-031-dropped,gartner-hype-cycle-2016-031,dropped,natural-language-question-answering,,
gartner-hype-cycle-2016-032-advanced,gartner-hype-cycle-2016-032,advanced,enterprise-taxonomy-and-ontology-management,gartner-hype-cycle-2017-029,time to plateau more than 10 years -> 5 to 10 years
gartner-hype-cycle-2016-034-advanced,gartner-hype-cycle-2016-034,advanced,virtual-reality,gartner-hype-cycle-2017-032,time to plateau 5 to 10 years -> 2 to 5 years
gartner-hype-cycle-2017-004-dropped,gartner-hype-cycle-2017-004,dropped,deep-reinforcement-learning,,
gartner-hype-cycle-2017-006-dropped,gartner-hype-cycle-2017-006,dropped,human-augmentation,,
gartner-hype-cycle-2017-007-advanced,gartner-hype-cycle-2017-007,advanced,5g,gartner-hype-cycle-2018-004,time to plateau 5 to 10 years -> 2 to 5 years
gartner-hype-cycle-2017-008-dropped,gartner-hype-cycle-2017-008,dropped,serverless-paas,,
gartner-hype-cycle-2017-010-advanced,gartner-hype-cycle-2017-010,advanced,quantum-computing,gartner-hype-cycle-2018-019,time to plateau more than 10 years -> 5 to 10 years
gartner-hype-cycle-2017-013-dropped,gartner-hype-cycle-2017-013,dropped,conversational-user-interfaces,,
gartner-hype-cycle-2017-015-dropped,gartner-hype-cycle-2017-015,dropped,augmented-data-discovery,,
gartner-hype-cycle-2017-016-dropped,gartner-hype-cycle-2017-016,dropped,edge-computing,,
gartner-hype-cycle-2017-018-delayed,gartner-hype-cycle-2017-018,delayed,iot-platform,gartner-hype-cycle-2018-011,time to plateau 2 to 5 years -> 5 to 10 years
gartner-hype-cycle-2017-019-advanced,gartner-hype-cycle-2017-019,advanced,virtual-assistants,gartner-hype-cycle-2018-001,time to plateau 5 to 10 years -> 2 to 5 years
gartner-hype-cycle-2017-021-renamed,gartner-hype-cycle-2017-021,renamed,deep-learning,gartner-hype-cycle-2018-002,"""Deep Learning"" -> ""Deep Neural Nets"""
gartner-hype-cycle-2017-022-dropped,gartner-hype-cycle-2017-022,dropped,machine-learning,,
gartner-hype-cycle-2017-023-dropped,gartner-hype-cycle-2017-023,dropped,autonomous-vehicles,,
gartner-hype-cycle-2017-024-dropped,gartner-hype-cycle-2017-024,dropped,nanotube-electronics,,
gartner-hype-cycle-2017-025-dropped,gartner-hype-cycle-2017-025,dropped,cognitive-computing,,
gartner-hype-cycle-2017-027-dropped,gartner-hype-cycle-2017-027,dropped,commercial-uavs,,
gartner-hype-cycle-2017-028-dropped,gartner-hype-cycle-2017-028,dropped,cognitive-expert-advisors,,
gartner-hype-cycle-2017-029-dropped,gartner-hype-cycle-2017-029,dropped,enterprise-taxonomy-and-ontology-management,,
gartner-hype-cycle-2017-030-dropped,gartner-hype-cycle-2017-030,dropped,software-defined-security,,
gartner-hype-cycle-2017-032-dropped,gartner-hype-cycle-2017-032,dropped,virtual-reality,,
gartner-hype-cycle-2018-001-dropped,gartner-hype-cycle-2018-001,dropped,virtual-assistants,,
gartner-hype-cycle-2018-002-dropped,gartner-hype-cycle-2018-002,dropped,deep-learning,,
gartner-hype-cycle-2018-003-dropped,gartner-hype-cycle-2018-003,dropped,deep-neural-network-asics,,
gartner-hype-cycle-2018-005-dropped,gartner-hype-cycle-2018-005,dropped,augmented-reality,,
gartner-hype-cycle-2018-006-dropped,gartner-hype-cycle-2018-006,dropped,mixed-reality,,
gartner-hype-cycle-2018-007-dropped,gartner-hype-cycle-2018-007,dropped,smart-fabrics,,
gartner-hype-cycle-2018-008-dropped,gartner-hype-cycle-2018-008,dropped,connected-home,,
gartner-hype-cycle-2018-009-dropped,gartner-hype-cycle-2018-009,dropped,silicon-anode-batteries,,
gartner-hype-cycle-2018-010-dropped,gartner-hype-cycle-2018-010,dropped,blockchain,,
gartner-hype-cycle-2018-011-dropped,gartner-hype-cycle-2018-011,dropped,iot-platform,,
gartner-hype-cycle-2018-012-dropped,gartner-hype-cycle-2018-012,dropped,carbon-nanotubes,,
gartner-hype-cycle-2018-013-dropped,gartner-hype-cycle-2018-013,dropped,digital-twin,,
gartner-hype-cycle-2018-015-dropped,gartner-hype-cycle-2018-015,dropped,smart-workspace,,
gartner-hype-cycle-2018-016-dropped,gartner-hype-cycle-2018-016,dropped,smart-robots,,
gartner-hype-cycle-2018-017-dropped,gartner-hype-cycle-2018-017,dropped,autonomous-mobile-robots,,
gartner-hype-cycle-2018-019-dropped,gartner-hype-cycle-2018-019,dropped,quantum-computing,,
gartner-hype-cycle-2018-020-dropped,gartner-hype-cycle-2018-020,dropped,self-healing-system-technology,,
gartner-hype-cycle-2018-021-dropped,gartner-hype-cycle-2018-021,dropped,conversational-ai-platform,,
gartner-hype-cycle-2018-023-dropped,gartner-hype-cycle-2018-023,dropped,blockchain-for-data-security,,
gartner-hype-cycle-2018-025-dropped,gartner-hype-cycle-2018-025,dropped,neuromorphic-hardware,,
gartner-hype-cycle-2018-028-dropped,gartner-hype-cycle-2018-028,dropped,smart-dust,,
gartner-hype-cycle-2018-029-dropped,gartner-hype-cycle-2018-029,dropped,artificial-general-intelligence,,
gartner-hype-cycle-2018-030-dropped,gartner-hype-cycle-2018-030,dropped,4d-printing,,
gartner-hype-cycle-2018-031-dropped,gartner-hype-cycle-2018-031,dropped,exoskeletons,,
gartner-hype-cycle-2018-032-advanced,gartner-hype-cycle-2018-032,advanced,autonomous-driving-level-5,gartner-hype-cycle-2019-021,time to plateau more than 10 years -> 2 to 5 years
gartner-hype-cycle-2018-033-dropped,gartner-hype-cycle-2018-033,dropped,volumetric-displays,,
gartner-hype-cycle-2018-034-dropped,gartner-hype-cycle-2018-034,dropped,brain-computer-interface,,
gartner-hype-cycle-2019-001-dropped,gartner-hype-cycle-2019-001,dropped,biotech-cultured-or-artificial-tissue,,
gartner-hype-cycle-2019-002-dropped,gartner-hype-cycle-2019-002,dropped,immersive-workspaces,,
gartner-hype-cycle-2019-003-dropped,gartner-hype-cycle-2019-003,dropped,ar-cloud,,
gartner-hype-cycle-2019-004-dropped,gartner-hype-cycle-2019-004,dropped,decentralized-web,,
gartner-hype-cycle-2019-007-dropped,gartner-hype-cycle-2019-007,dropped,digitalops,,
gartner-hype-cycle-2019-008-dropped,gartner-hype-cycle-2019-008,dropped,decentralized-autonomous-organization,,
gartner-hype-cycle-2019-009-dropped,gartner-hype-cycle-2019-009,dropped,nanoscale-3d-printing,,
gartner-hype-cycle-2019-010-dropped,gartner-hype-cycle-2019-010,dropped,augmented-intelligence,,
gartner-hype-cycle-2019-011-dropped,gartner-hype-cycle-2019-011,dropped,flying-autonomous-vehicles,,
gartner-hype-cycle-2019-012-dropped,gartner-hype-cycle-2019-012,dropped,emotion-ai,,
gartner-hype-cycle-2019-013-dropped,gartner-hype-cycle-2019-013,dropped,transfer-learning,,
gartner-hype-cycle-2019-014-dropped,gartner-hype-cycle-2019-014,dropped,drone-delivery,,
gartner-hype-cycle-2019-015-dropped,gartner-hype-cycle-2019-015,dropped,synthetic-data,,
gartner-hype-cycle-2019-016-dropped,gartner-hype-cycle-2019-016,dropped,knowledge-graphs,,
gartner-hype-cycle-2019-017-dropped,gartner-hype-cycle-2019-017,dropped,personification,,
gartner-hype-cycle-2019-018-delayed,gartner-hype-cycle-2019-018,delayed,explainable-ai,gartner-hype-cycle-2020-027,time to plateau 2 to 5 years -> 5 to 10 years
gartner-hype-cycle-2019-019-dropped,gartner-hype-cycle-2019-019,dropped,edge-ai,,
gartner-hype-cycle-2019-020-dropped,gartner-hype-cycle-2019-020,dropped,leo-satellite-broadband,,
gartner-hype-cycle-2019-021-dropped,gartner-hype-cycle-2019-021,dropped,autonomous-driving-level-5,,
gartner-hype-cycle-2019-022-dropped,gartner-hype-cycle-2019-022,dropped,edge-analytics,,
gartner-hype-cycle-2019-023-dropped,gartner-hype-cycle-2019-023,dropped,ai-paas,,
gartner-hype-cycle-2019-024-dropped,gartner-hype-cycle-2019-024,dropped,biochips,,
gartner-hype-cycle-2019-025-dropped,gartner-hype-cycle-2019-025,dropped,5g,,
gartner-hype-cycle-2019-026-dropped,gartner-hype-cycle-2019-026,dropped,graph-analytics,,
gartner-hype-cycle-2019-027-dropped,gartner-hype-cycle-2019-027,dropped,next-generation-memory,,
gartner-hype-cycle-2019-028-dropped,gartner-hype-cycle-2019-028,dropped,3d-sensing-cameras,,
gartner-hype-cycle-2019-029-dropped,gartner-hype-cycle-2019-029,dropped,autonomous-driving-level-4,,
gartner-hype-cycle-2020-001-dropped,gartner-hype-cycle-2020-001,dropped,authenticated-provenance,,
gartner-hype-cycle-2020-003-dropped,gartner-hype-cycle-2020-003,dropped,dna-computing-and-storage,,
gartner-hype-cycle-2020-004-dropped,gartner-hype-cycle-2020-004,dropped,low-cost-single-board-computers-at-the-edge,,
gartner-hype-cycle-2020-005-dropped,gartner-hype-cycle-2020-005,dropped,self-supervised-learning,,
gartner-hype-cycle-2020-006-dropped,gartner-hype-cycle-2020-006,dropped,health-passport,,
gartner-hype-cycle-2020-007-dropped,gartner-hype-cycle-2020-007,dropped,bidirectional-brain-machine-interface,,
gartner-hype-cycle-2020-008-dropped,gartner-hype-cycle-2020-008,dropped,generative-adversarial-networks,,
gartner-hype-cycle-2020-009-dropped,gartner-hype-cycle-2020-009,dropped,biodegradable-sensors,,
gartner-hype-cycle-2020-010-dropped,gartner-hype-cycle-2020-010,dropped,differential-privacy,,
gartner-hype-cycle-2020-011-dropped,gartner-hype-cycle-2020-011,dropped,private-5g,,
gartner-hype-cycle-2020-012-dropped,gartner-hype-cycle-2020-012,dropped,small-data,,
gartner-hype-cycle-2020-013-dropped,gartner-hype-cycle-2020-013,dropped,adaptive-ml,,
gartner-hype-cycle-2020-014-dropped,gartner-hype-cycle-2020-014,dropped,composite-ai,,
gartner-hype-cycle-2020-016-dropped,gartner-hype-cycle-2020-016,dropped,packaged-business-capabilities,,
gartner-hype-cycle-2020-017-dropped,gartner-hype-cycle-2020-017,dropped,citizen-twin,,
gartner-hype-cycle-2020-018-dropped,gartner-hype-cycle-2020-018,dropped,digital-twin-of-the-person,,
gartner-hype-cycle-2020-020-dropped,gartner-hype-cycle-2020-020,dropped,responsible-ai,,
gartner-hype-cycle-2020-021-renamed,gartner-hype-cycle-2020-021,renamed,ai-augmented-software-engineering,gartner-hype-cycle-2021-022,"""AI-Augmented Development"" -> ""AI-Augmented Software Engineering"""
gartner-hype-cycle-2020-022-dropped,gartner-hype-cycle-2020-022,dropped,composable-enterprise,,
gartner-hype-cycle-2020-024-dropped,gartner-hype-cycle-2020-024,dropped,embedded-ai,,
gartner-hype-cycle-2020-025-dropped,gartner-hype-cycle-2020-025,dropped,secure-access-service-edge-sase,,
gartner-hype-cycle-2020-026-dropped,gartner-hype-cycle-2020-026,dropped,social-distancing-technologies,,
gartner-hype-cycle-2020-027-dropped,gartner-hype-cycle-2020-027,dropped,explainable-ai,,
gartner-hype-cycle-2020-028-dropped,gartner-hype-cycle-2020-028,dropped,carbon-based-transistors,,
gartner-hype-cycle-2020-029-dropped,gartner-hype-cycle-2020-029,dropped,bring-your-own-identity,,
gartner-hype-cycle-2020-030-dropped,gartner-hype-cycle-2020-030,dropped,ontologies-and-graphs,,
gartner-hype-cycle-2021-001-dropped,gartner-hype-cycle-2021-001,dropped,digital-platform-conductor-tools,,
gartner-hype-cycle-2021-002-dropped,gartner-hype-cycle-2021-002,dropped,quantum-ml,,
gartner-hype-cycle-2021-003-dropped,gartner-hype-cycle-2021-003,dropped,ai-augmented-design,,
gartner-hype-cycle-2021-004-dropped,gartner-hype-cycle-2021-004,dropped,ai-driven-innovation,,
gartner-hype-cycle-2021-005-dropped,gartner-hype-cycle-2021-005,dropped,influence-engineering,,
gartner-hype-cycle-2021-006-dropped,gartner-hype-cycle-2021-006,dropped,machine-readable-legislation,,
gartner-hype-cycle-2021-007-dropped,gartner-hype-cycle-2021-007,dropped,named-data-networking,,
gartner-hype-cycle-2021-008-dropped,gartner-hype-cycle-2021-008,dropped,physics-informed-ai,,
gartner-hype-cycle-2021-009-dropped,gartner-hype-cycle-2021-009,dropped,sovereign-cloud,,
gartner-hype-cycle-2021-010-renamed,gartner-hype-cycle-2021-010,renamed,industry-cloud-platforms,gartner-hype-cycle-2022-018,"""Industry Clouds"" -> ""Industry Cloud Platforms"""
gartner-hype-cycle-2021-011-dropped,gartner-hype-cycle-2021-011,dropped,homomorphic-encryption,,
gartner-hype-cycle-2021-012-dropped,gartner-hype-cycle-2021-012,dropped,self-integrating-applications,,
gartner-hype-cycle-2021-013-dropped,gartner-hype-cycle-2021-013,dropped,composable-networks,,
gartner-hype-cycle-2021-014-dropped,gartner-hype-cycle-2021-014,dropped,decentralized-finance,,
gartner-hype-cycle-2021-015-dropped,gartner-hype-cycle-2021-015,dropped,real-time-incident-center-aas,,
gartner-hype-cycle-2021-016-dropped,gartner-hype-cycle-2021-016,dropped,active-metadata-management,,
gartner-hype-cycle-2021-018-dropped,gartner-hype-cycle-2021-018,dropped,multiexperience,,
gartner-hype-cycle-2021-019-dropped,gartner-hype-cycle-2021-019,dropped,generative-ai,,
gartner-hype-cycle-2021-020-dropped,gartner-hype-cycle-2021-020,dropped,composable-applications,,
gartner-hype-cycle-2021-021-dropped,gartner-hype-cycle-2021-021,dropped,employee-communications-applications,,
gartner-hype-cycle-2021-022-dropped,gartner-hype-cycle-2021-022,dropped,ai-augmented-software-engineering,,
gartner-hype-cycle-2021-023-renamed,gartner-hype-cycle-2021-023,renamed,nft,gartner-hype-cycle-2022-024,"""Nonfungible Tokens (NFT)"" -> ""NFT"""
gartner-hype-cycle-2021-024-dropped,gartner-hype-cycle-2021-024,dropped,data-fabric,,
gartner-hype-cycle-2021-025-delayed,gartner-hype-cycle-2021-025,delayed,decentralized-identity,gartner-hype-cycle-2022-023,time to plateau 2 to 5 years -> 5 to 10 years
gartner-hype-cycle-2022-002-dropped,gartner-hype-cycle-2022-002,dropped,autonomic-systems,,
gartner-hype-cycle-2022-003-dropped,gartner-hype-cycle-2022-003,dropped,generative-design-ai,,
gartner-hype-cycle-2022-004-dropped,gartner-hype-cycle-2022-004,dropped,machine-learning-code-generation,,
gartner-hype-cycle-2022-005-dropped,gartner-hype-cycle-2022-005,dropped,digital-twin-of-a-customer,,
gartner-hype-cycle-2022-006-dropped,gartner-hype-cycle-2022-006,dropped,minimum-viable-architecture,,
gartner-hype-cycle-2022-008-dropped,gartner-hype-cycle-2022-008,dropped,opentelemetry,,
gartner-hype-cycle-2022-009-advanced,gartner-hype-cycle-2022-009,advanced,causal-ai,gartner-hype-cycle-2023-007,time to plateau 5 to 10 years -> 2 to 5 years
gartner-hype-cycle-2022-010-dropped,gartner-hype-cycle-2022-010,dropped,platform-engineering,,
gartner-hype-cycle-2022-011-dropped,gartner-hype-cycle-2022-011,dropped,metaverse,,
gartner-hype-cycle-2022-012-dropped,gartner-hype-cycle-2022-012,dropped,data-observability,,
gartner-hype-cycle-2022-014-dropped,gartner-hype-cycle-2022-014,dropped,observability-driven-development,,
gartner-hype-cycle-2022-015-dropped,gartner-hype-cycle-2022-015,dropped,dynamic-risk-governance,,
gartner-hype-cycle-2022-016-dropped,gartner-hype-cycle-2022-016,dropped,digital-humans,,
gartner-hype-cycle-2022-017-dropped,gartner-hype-cycle-2022-017,dropped,internal-talent-marketplaces,,
gartner-hype-cycle-2022-019-dropped,gartner-hype-cycle-2022-019,dropped,superapps,,
gartner-hype-cycle-2022-020-dropped,gartner-hype-cycle-2022-020,dropped,computational-storage,,
gartner-hype-cycle-2022-021-dropped,gartner-hype-cycle-2022-021,dropped,web3,,
gartner-hype-cycle-2022-022-dropped,gartner-hype-cycle-2022-022,dropped,foundation-models,,
gartner-hype-cycle-2022-023-dropped,gartner-hype-cycle-2022-023,dropped,decentralized-identity,,
gartner-hype-cycle-2022-024-dropped,gartner-hype-cycle-2022-024,dropped,nft,,
gartner-hype-cycle-2022-025-dropped,gartner-hype-cycle-2022-025,dropped,cloud-data-ecosystems,,
gartner-hype-cycle-2023-002-dropped,gartner-hype-cycle-2023-002,dropped,generative-cybersecurity-ai,,
gartner-hype-cycle-2023-003-advanced,gartner-hype-cycle-2023-003,advanced,gitops,gartner-hype-cycle-2024-018,time to plateau 2 to 5 years -> less than 2 years
gartner-hype-cycle-2023-004-dropped,gartner-hype-cycle-2023-004,dropped,augmented-finops,,
gartner-hype-cycle-2023-005-dropped,gartner-hype-cycle-2023-005,dropped,neuro-symbolic-ai,,
gartner-hype-cycle-2023-006-dropped,gartner-hype-cycle-2023-006,dropped,postquantum-cryptography,,
gartner-hype-cycle-2023-007-dropped,gartner-hype-cycle-2023-007,dropped,causal-ai,,
gartner-hype-cycle-2023-008-dropped,gartner-hype-cycle-2023-008,dropped,ai-simulation,,
gartner-hype-cycle-2023-009-dropped,gartner-hype-cycle-2023-009,dropped,graph-data-science,,
gartner-hype-cycle-2023-010-dropped,gartner-hype-cycle-2023-010,dropped,cloud-development-environments,,
gartner-hype-cycle-2023-012-dropped,gartner-hype-cycle-2023-012,dropped,value-stream-management-platforms,,
gartner-hype-cycle-2023-014-dropped,gartner-hype-cycle-2023-014,dropped,cloud-sustainability,,
gartner-hype-cycle-2023-016-dropped,gartner-hype-cycle-2023-016,dropped,industry-cloud-platforms,,
gartner-hype-cycle-2023-018-dropped,gartner-hype-cycle-2023-018,dropped,webassembly-wasm,,
gartner-hype-cycle-2023-020-dropped,gartner-hype-cycle-2023-020,dropped,cloud-out-to-edge,,
gartner-hype-cycle-2023-021-dropped,gartner-hype-cycle-2023-021,dropped,open-source-program-office,,
gartner-hype-cycle-2023-022-dropped,gartner-hype-cycle-2023-022,dropped,api-centric-saas,,
gartner-hype-cycle-2024-001-dropped,gartner-hype-cycle-2024-001,dropped,large-action-models,,
gartner-hype-cycle-2024-004-dropped,gartner-hype-cycle-2024-004,dropped,digital-twin-of-a-customer,,
gartner-hype-cycle-2024-005-dropped,gartner-hype-cycle-2024-005,dropped,cybersecurity-mesh-architecture,,
gartner-hype-cycle-2024-006-delayed,gartner-hype-cycle-2024-006,delayed,disinformation-security,gartner-hype-cycle-2025-014,time to plateau 2 to 5 years -> 5 to 10 years
gartner-hype-cycle-2024-007-dropped,gartner-hype-cycle-2024-007,dropped,multiagent-systems,,
gartner-hype-cycle-2024-008-dropped,gartner-hype-cycle-2024-008,dropped,6g,,
gartner-hype-cycle-2024-009-dropped,gartner-hype-cycle-2024-009,dropped,ai-supercomputing,,
gartner-hype-cycle-2024-010-dropped,gartner-hype-cycle-2024-010,dropped,autonomous-agents,,
gartner-hype-cycle-2024-013-dropped,gartner-hype-cycle-2024-013,dropped,reinforcement-learning,,
gartner-hype-cycle-2024-014-dropped,gartner-hype-cycle-2024-014,dropped,federated-machine-learning,,
gartner-hype-cycle-2024-015-dropped,gartner-hype-cycle-2024-015,dropped,ai-trism,,
gartner-hype-cycle-2024-017-dropped,gartner-hype-cycle-2024-017,dropped,prompt-engineering,,
gartner-hype-cycle-2024-018-dropped,gartner-hype-cycle-2024-018,dropped,gitops,,
gartner-hype-cycle-2024-019-advanced,gartner-hype-cycle-2024-019,advanced,machine-customers,gartner-hype-cycle-2025-029,time to plateau more than 10 years -> 5 to 10 years
gartner-hype-cycle-2024-020-dropped,gartner-hype-cycle-2024-020,dropped,internal-developer-portal,,
gartner-hype-cycle-2024-021-dropped,gartner-hype-cycle-2024-021,dropped,ai-augmented-software-engineering,,
gartner-hype-cycle-2024-022-dropped,gartner-hype-cycle-2024-022,dropped,superapps,,
gartner-hype-cycle-2024-023-dropped,gartner-hype-cycle-2024-023,dropped,cloud-native,,
gartner-hype-cycle-2024-024-dropped,gartner-hype-cycle-2024-024,dropped,webassembly,,
gartner-hype-cycle-2024-025-dropped,gartner-hype-cycle-2024-025,dropped,generative-ai,,
envisioning-technology-2011-001-renamed,envisioning-technology-2011-001,renamed,,envisioning-technology-2012-006,PGS (2011-2015) -> Rapid personal gene sequencing (2012) 2011 used the acronym PGS (Personal Gene Sequencing). Raw row et-rev-001.
envisioning-technology-2011-002-renamed,envisioning-technology-2011-002,renamed,,envisioning-technology-2012-007,3D printing (2011-2015) -> Additive manufacturing (2012) Raw row et-rev-002.
envisioning-technology-2011-003-dropped,envisioning-technology-2011-003,dropped,,,Print on demand (2011-2015) 2012 keeps additive manufacturing (2012) and adds 'Personal fabricators' (2018). Raw row et-rev-003.
envisioning-technology-2011-004-dropped,envisioning-technology-2011-004,dropped,,,Memristor (2011-2015) Raw row et-rev-004.
envisioning-technology-2011-005-dropped,envisioning-technology-2011-005,dropped,,,Cermets (2011-2015) Raw row et-rev-005.
envisioning-technology-2011-007-renamed,envisioning-technology-2011-007,renamed,,envisioning-technology-2012-030,Private spaceflight (2011-2015) -> Commercial spaceflight (2016) Raw row et-rev-006.
envisioning-technology-2011-007-delayed,envisioning-technology-2011-007,delayed,,envisioning-technology-2012-030,Private spaceflight (2011-2015) -> Commercial spaceflight (2016) Raw row et-rev-006.
envisioning-technology-2011-008-delayed,envisioning-technology-2011-008,delayed,,envisioning-technology-2012-037,Bio-enhanced fuels (2011-2015) -> Bio-enhanced fuels (2017) Raw row et-rev-007.
envisioning-technology-2011-009-dropped,envisioning-technology-2011-009,dropped,,,Ultra-capacitors (2011-2015) Raw row et-rev-008.
envisioning-technology-2011-010-delayed,envisioning-technology-2011-010,delayed,,envisioning-technology-2012-029,Fuel cells (2011-2015) -> Fuel cells (2016) Raw row et-rev-009.
envisioning-technology-2011-011-renamed,envisioning-technology-2011-011,renamed,,envisioning-technology-2012-040,Smart meters (2011-2015) -> Smart power meters (2018) 2012 also moved it from ENERGY to SENSORS. Raw row et-rev-010.
envisioning-technology-2011-011-delayed,envisioning-technology-2011-011,delayed,,envisioning-technology-2012-040,Smart meters (2011-2015) -> Smart power meters (2018) 2012 also moved it from ENERGY to SENSORS. Raw row et-rev-010.
envisioning-technology-2011-013-delayed,envisioning-technology-2011-013,delayed,,envisioning-technology-2012-054,Procedural storytelling (2011-2015) -> Procedural storytelling (2020) 2012 moved it from MEDIA to ARTIFICIAL INTELLIGENCE. Raw row et-rev-011.
envisioning-technology-2011-014-dropped,envisioning-technology-2011-014,dropped,,,Gamification of media (2011-2015) Raw row et-rev-012.
envisioning-technology-2011-015-dropped,envisioning-technology-2011-015,dropped,,,All media on demand (2011-2015) Raw row et-rev-013.
envisioning-technology-2011-017-delayed,envisioning-technology-2011-017,delayed,,envisioning-technology-2012-047,Haptics (2011-2015) -> Haptics (2019) Raw row et-rev-014.
envisioning-technology-2011-018-delayed,envisioning-technology-2011-018,delayed,,envisioning-technology-2012-067,Holography (undefined) -> Holography (2021) Raw row et-rev-015.
envisioning-technology-2011-019-renamed,envisioning-technology-2011-019,renamed,,envisioning-technology-2012-032,AR (2011-2015) -> Augmented reality (2017) Acronym expanded. Raw row et-rev-016.
envisioning-technology-2011-019-delayed,envisioning-technology-2011-019,delayed,,envisioning-technology-2012-032,AR (2011-2015) -> Augmented reality (2017) Acronym expanded. Raw row et-rev-016.
envisioning-technology-2011-022-renamed,envisioning-technology-2011-022,renamed,,envisioning-technology-2012-016,3D (2011-2015) -> Volumetric (3D) screens (2014) 2011 '3D' meant '3D screens and cameras' (acronym legend). 2012 splits it into 'Volumetric (3D) screens' (2014) and 'Depth imaging' (2012). Raw row et-rev-017.
envisioning-technology-2011-023-renamed,envisioning-technology-2011-023,renamed,,envisioning-technology-2012-005,Tabs & Pads (2011-2015) -> Tablets (2012) Raw row et-rev-018.
envisioning-technology-2011-024-delayed,envisioning-technology-2011-024,delayed,,envisioning-technology-2012-034,Boards (2011-2015) -> Boards (2017) Raw row et-rev-019.
envisioning-technology-2011-025-dropped,envisioning-technology-2011-025,dropped,,,Electronic paper (undefined) 2012 adds 'Flexible screens' (2016); not the same claim. Raw row et-rev-020.
envisioning-technology-2011-026-renamed,envisioning-technology-2011-026,renamed,,envisioning-technology-2012-020,Pervasive video (2011-2015) -> Pervasive video capture (2015) 2012 also moved it from INTERNET to SENSORS. Raw row et-rev-021.
envisioning-technology-2011-027-delayed,envisioning-technology-2011-027,delayed,,envisioning-technology-2012-025,4G (2011-2015) -> 4G (2016) Raw row et-rev-022.
envisioning-technology-2011-028-dropped,envisioning-technology-2011-028,dropped,,,PAN (2011-2015) Raw row et-rev-023.
envisioning-technology-2011-030-dropped,envisioning-technology-2011-030,dropped,,,Social graph (2011-2015) Raw row et-rev-024.
envisioning-technology-2011-032-renamed,envisioning-technology-2011-032,renamed,,envisioning-technology-2012-015,NFC (2011-2015) -> Near-field communication (2014) Acronym expanded. 2012 also moved it from INTERNET to SENSORS. Raw row et-rev-025.
envisioning-technology-2011-033-dropped,envisioning-technology-2011-033,dropped,,,Semantic web (2011-2015) Raw row et-rev-026.
envisioning-technology-2011-034-dropped,envisioning-technology-2011-034,dropped,,,Linked data (2011-2015) Raw row et-rev-027.
envisioning-technology-2011-036-delayed,envisioning-technology-2011-036,delayed,,envisioning-technology-2012-048,Bio-markers (2011-2015) -> Biomarkers (2019) Spelling only. 2012 also moved it from BIOTECH to SENSORS. Raw row et-rev-028.
envisioning-technology-2011-037-renamed,envisioning-technology-2011-037,renamed,,envisioning-technology-2012-089,Vertical agriculture (2015-2025) -> Vertical farming (2026) 2012 also moved it from BIOTECH to GEOENGINEERING. Raw row et-rev-029.
envisioning-technology-2011-037-delayed,envisioning-technology-2011-037,delayed,,envisioning-technology-2012-089,Vertical agriculture (2015-2025) -> Vertical farming (2026) 2012 also moved it from BIOTECH to GEOENGINEERING. Raw row et-rev-029.
envisioning-technology-2011-039-delayed,envisioning-technology-2011-039,delayed,,envisioning-technology-2012-087,Bio-materials (2015-2025) -> Biomaterials (2026) Spelling only. Raw row et-rev-030.
envisioning-technology-2011-041-advanced,envisioning-technology-2011-041,advanced,,envisioning-technology-2012-018,Self-healing materials (2015-2025) -> Self-healing materials (2014) Raw row et-rev-031.
envisioning-technology-2011-042-dropped,envisioning-technology-2011-042,dropped,,,Medical diagnostics (2015-2025) Raw row et-rev-032.
envisioning-technology-2011-044-advanced,envisioning-technology-2011-044,advanced,,envisioning-technology-2012-012,Software agents (2015-2025) -> Software agents (2014) Raw row et-rev-033.
envisioning-technology-2011-047-dropped,envisioning-technology-2011-047,dropped,,,VASIMR (undefined) Raw row et-rev-034.
envisioning-technology-2011-049-dropped,envisioning-technology-2011-049,dropped,,,Superconducting interties (2015-2025) Raw row et-rev-035.
envisioning-technology-2011-050-dropped,envisioning-technology-2011-050,dropped,,,Nanostructure battery cathodes (2015-2025) Raw row et-rev-036.
envisioning-technology-2011-052-delayed,envisioning-technology-2011-052,delayed,,envisioning-technology-2012-088,Biomechanical harvesting (2015-2025) -> Biomechanical harvesting (2026) Raw row et-rev-037.
envisioning-technology-2011-053-dropped,envisioning-technology-2011-053,dropped,,,PV at grid parity (2015-2025) Raw row et-rev-038.
envisioning-technology-2011-055-dropped,envisioning-technology-2011-055,dropped,,,Solar thermal (2015-2025) Raw row et-rev-039.
envisioning-technology-2011-056-dropped,envisioning-technology-2011-056,dropped,,,Location-aware media (2015-2025) Nearest 2012 item is 'Context-aware computing' (2021); not the same claim. Raw row et-rev-040.
envisioning-technology-2011-059-dropped,envisioning-technology-2011-059,dropped,,,Immersive 3D projections (2015-2025) Nearest 2012 items are 'Holography' (2021) and 'Immersive virtual reality' (2031); neither is the same claim. Raw row et-rev-041.
envisioning-technology-2011-060-advanced,envisioning-technology-2011-060,advanced,,envisioning-technology-2012-076,Fabric-embedded screens (undefined) -> Fabric-embedded screens (2023) Raw row et-rev-042.
envisioning-technology-2011-061-dropped,envisioning-technology-2011-061,dropped,,,SPIMES (2015-2025) Raw row et-rev-043.
envisioning-technology-2011-063-dropped,envisioning-technology-2011-063,dropped,,,Virtual property (2015-2025) Raw row et-rev-044.
envisioning-technology-2011-065-dropped,envisioning-technology-2011-065,dropped,,,Sensors (2015-2025) 2012 turns SENSORS into a category heading instead of a node. Raw row et-rev-045.
envisioning-technology-2011-068-renamed,envisioning-technology-2011-068,renamed,,envisioning-technology-2012-058,Exoskeletons (undefined) -> Powered exoskeleton (2020) Raw row et-rev-046.
envisioning-technology-2011-068-advanced,envisioning-technology-2011-068,advanced,,envisioning-technology-2012-058,Exoskeletons (undefined) -> Powered exoskeleton (2020) Raw row et-rev-046.
envisioning-technology-2011-070-dropped,envisioning-technology-2011-070,dropped,,,"Tele-medicine (2015-2025) 2012 has 'Telepresence' and 'Remote presence', neither medical. Raw row et-rev-047."
envisioning-technology-2011-072-delayed,envisioning-technology-2011-072,delayed,,envisioning-technology-2012-086,Stem-cell treatments (2015-2025) -> Stem-cell treatments (2026) Raw row et-rev-048.
envisioning-technology-2011-073-dropped,envisioning-technology-2011-073,dropped,,,Regenerative medicine (undefined) 2012 keeps 'Stem-cell treatments' and adds 'Organ printing'; no node named regenerative medicine. Raw row et-rev-049.
envisioning-technology-2011-074-renamed,envisioning-technology-2011-074,renamed,,envisioning-technology-2012-102,Artificial limbs (2025-undefined) -> Hybrid assisted limbs (2032) Raw row et-rev-050.
envisioning-technology-2011-076-dropped,envisioning-technology-2011-076,dropped,,,Wetware (biofeedback) (2025-undefined) Nearest 2012 item is 'Neuro-informatics' (2035); not the same claim. Raw row et-rev-051.
envisioning-technology-2011-077-renamed,envisioning-technology-2011-077,renamed,,envisioning-technology-2012-122,Reversal of aging (2025-undefined) -> Anti-aging drugs (2038) Raw row et-rev-052.
envisioning-technology-2011-078-renamed,envisioning-technology-2011-078,renamed,,envisioning-technology-2012-074,Synthetic meat (2025-undefined) -> In-vitro meat (2022) Raw row et-rev-053.
envisioning-technology-2011-078-advanced,envisioning-technology-2011-078,advanced,,envisioning-technology-2012-074,Synthetic meat (2025-undefined) -> In-vitro meat (2022) Raw row et-rev-053.
envisioning-technology-2011-082-renamed,envisioning-technology-2011-082,renamed,,envisioning-technology-2012-119,Intelligence Amplification (2025-undefined) -> Machine-augmented cognition (2037) Match by meaning; the 2012 'Exocortex' (2036) is a second candidate. Raw row et-rev-054.
envisioning-technology-2011-083-advanced,envisioning-technology-2011-083,advanced,,envisioning-technology-2012-045,Machine translation (2025-undefined) -> Machine translation (2019) Raw row et-rev-055.
envisioning-technology-2011-085-dropped,envisioning-technology-2011-085,dropped,,,Tethers (2025-undefined) Raw row et-rev-056.
envisioning-technology-2011-093-dropped,envisioning-technology-2011-093,dropped,,,Smart clothing (2025-undefined) Raw row et-rev-057.
envisioning-technology-2011-094-dropped,envisioning-technology-2011-094,dropped,,,Smart infrastructure (2025-undefined) Raw row et-rev-058.
envisioning-technology-2011-095-dropped,envisioning-technology-2011-095,dropped,,,HAPs (2025-undefined) Raw row et-rev-059.
envisioning-technology-2011-096-dropped,envisioning-technology-2011-096,dropped,,,Smart cities (2025-undefined) Raw row et-rev-060.
envisioning-technology-2011-101-renamed,envisioning-technology-2011-101,renamed,,envisioning-technology-2012-073,UAVs (2025-undefined) -> Commercial UAVs (2022) Raw row et-rev-061.
envisioning-technology-2011-101-advanced,envisioning-technology-2011-101,advanced,,envisioning-technology-2012-073,UAVs (2025-undefined) -> Commercial UAVs (2022) Raw row et-rev-061.
