id,publisher_id,series,url,licence_notes
envisioning-technology,envisioning,Envisioning Technology posters,https://www.envisioning.com/work/2012,
envisioning-education,envisioning,Envisioning the future of education technology,https://www.envisioning.com/work,
envisioning-health,envisioning,Envisioning the future of health technology,https://www.envisioning.com/work,
envisioning-horizons,envisioning,"Envisioning Emerging Technologies (Policy Horizons Canada, MetaScan 3)",https://www.envisioning.com/work,
gartner-hype-cycle,gartner,Hype Cycle for Emerging Technologies,https://www.gartner.com/en/research/methodologies/gartner-hype-cycle,
mit-tr-10-breakthrough,mit-technology-review,10 Breakthrough Technologies,https://www.technologyreview.com/supertopic/tr10-archive/,
gartner-strategic-predictions,gartner,Top Strategic Predictions,https://www.gartner.com/en/newsroom,
deloitte-tmt-predictions,deloitte,"Technology, Media & Telecommunications Predictions",https://www.deloitte.com/us/en/insights/industry/technology/technology-media-and-telecom-predictions.html,
idc-futurescape,idc,IDC FutureScape,https://www.idc.com/research/futurescape,
ark-big-ideas,ark-invest,Big Ideas,https://www.ark-invest.com/big-ideas-2026,
bnef-evo,bloombergnef,Electric Vehicle Outlook,https://about.bnef.com/electric-vehicle-outlook/,
wef-global-risks,wef,Global Risks Report,https://www.weforum.org/publications/series/global-risks-report/,
imf-weo,imf,World Economic Outlook,https://www.imf.org/en/Publications/WEO,
iea-weo,iea,World Energy Outlook,https://www.iea.org/topics/world-energy-outlook,
eia-aeo,us-eia,Annual Energy Outlook,https://www.eia.gov/outlooks/aeo/,
bcb-focus,bcb,Focus market expectations survey,https://www.bcb.gov.br/publicacoes/focus,ODbL 1.0 (Banco Central do Brasil open data). Not CC BY 4.0. See NOTICE.md.
oecd-economic-outlook,oecd,OECD Economic Outlook,https://www.oecd.org/en/publications/serials/oecd-economic-outlook_16097408.html,
world-bank-gep,world-bank,Global Economic Prospects,https://www.worldbank.org/en/publication/global-economic-prospects,
fed-sep,fomc,Summary of Economic Projections,https://www.federalreserve.gov/monetarypolicy/fomccalendars.htm,
ecb-projections,ecb,Eurosystem/ECB staff macroeconomic projections for the euro area,https://www.ecb.europa.eu/pub/projections/html/index.en.html,
cbo-projections,cbo,The Budget and Economic Outlook (baseline projections),https://www.cbo.gov/about/products/major-recurring-reports,
obr-forecasts,obr,Economic and fiscal outlook,https://obr.uk/efo/,
bp-energy-outlook,bp,Energy Outlook,https://www.bp.com/en/global/corporate/energy-economics/energy-outlook.html,
eurasia-top-risks,eurasia-group,Top Risks,https://www.eurasiagroup.net/issues/top-risks-2026,
economist-world-ahead,the-economist,The World in / The World Ahead,https://www.economist.com/the-world-ahead,
kurzweil,ray-kurzweil,Dated predictions in books and essays,https://www.thekurzweillibrary.com/images/How-My-Predictions-Are-Faring.pdf,
pew-elon-imagining,pew-research-center,Future of the Internet expert canvassings (Imagining the Internet),https://www.pewresearch.org/topic/internet-technology/technology-policy-issues/future-of-the-internet-canvassing/,
mckinsey-tech-trends,mckinsey,Technology Trends Outlook,https://www.mckinsey.com/capabilities/mckinsey-digital/our-insights/the-top-trends-in-tech,
accenture-tech-vision,accenture,Technology Vision,https://www.accenture.com/us-en/insights/technology/technology-trends-2025,
deloitte-tech-trends,deloitte,Tech Trends,https://www2.deloitte.com/us/en/insights/focus/tech-trends.html,
trendwatching,trendwatching,Annual consumer trends,https://www.trendwatching.com/,
a16z-big-ideas,andreessen-horowitz,Big Ideas,https://a16z.com/big-ideas-in-tech-2026/,
ftsg-tech-trends,future-today-strategy-group,Tech Trends Report,https://ftsg.com/,
nic-global-trends,us-national-intelligence-council,Global Trends,https://www.dni.gov/index.php/gt2040-home,
shell-scenarios,shell,Shell scenarios,https://www.shell.com/news-and-insights/scenarios.html,
ipcc-pathways,ipcc,Emission scenarios and pathways,https://www.ipcc.ch/,
